HOSPITAL_LOCATION_ID,PRODUCT_NUMBER,SUBSEQUENT_ORDER_QUANTITY,SUBSEQUENT_DELIVERY_QUANTITY,ORIGINAL_ORDER_QUANTITY,ORIGINAL_DELIVERY_QUANTITY,ENTRY_DATE,SUBSEQUENT_ORDER_DATE,LOST_QUANTITY,DAYS_BETWEEN_ORDERS
380.0,8717714,3,3,3,0,2023-02-07,2023-02-16,3,9
2780.0,6979407,3,3,3,0,2023-01-06,2023-01-19,3,13
3582.0,4907400,4,4,3,0,2023-02-27,2023-02-28,3,1
3582.0,5307401,15,0,15,0,2022-12-08,2023-01-11,15,34
3582.0,5307401,10,0,10,0,2023-02-27,2023-02-28,10,1
3582.0,5963336,7,7,7,0,2023-02-27,2023-02-28,7,1
3879.0,4520400,3,3,3,0,2023-02-28,2023-03-28,3,28
3879.0,4907400,10,10,3,0,2023-02-28,2023-03-28,3,28
4975.0,173070,1,1,1,0,2023-03-17,2023-03-20,1,3
6143.0,8720774,2,2,2,0,2022-12-22,2023-01-11,2,20
8700.0,370023,2,2,2,0,2023-01-17,2023-01-27,2,10
9598.0,387028,2,2,2,0,2023-01-10,2023-01-31,2,21
10361.0,5406,5,5,5,0,2023-02-27,2023-03-13,5,14
12427.0,365016,1,1,1,0,2023-02-24,2023-03-07,1,11
14481.0,5307401,10,0,8,0,2022-12-28,2023-01-30,8,33
14481.0,5307401,8,0,8,0,2022-12-14,2022-12-28,8,14
14481.0,5307401,10,0,8,0,2022-12-14,2022-12-27,8,13
14481.0,5307401,10,0,8,0,2022-12-14,2023-01-30,8,47
14481.0,5307401,10,0,10,0,2022-12-27,2023-01-30,10,34
14481.0,5307401,10,0,10,0,2022-12-14,2022-12-27,10,13
14481.0,5307401,10,0,10,0,2022-12-14,2023-01-30,10,47
14481.0,5307401,10,0,5,0,2023-01-11,2023-01-30,5,19
14481.0,5307401,10,0,5,0,2023-01-11,2023-02-27,5,47
14481.0,5307401,10,0,10,0,2023-01-30,2023-02-27,10,28
14481.0,6623400,4,4,4,0,2022-12-27,2023-01-11,4,15
14481.0,6623400,4,4,4,0,2022-12-27,2023-01-30,4,34
17104.0,62349,2,2,2,0,2023-02-17,2023-02-23,2,6
18424.0,504010,4,4,4,0,2023-01-10,2023-01-25,4,15
18424.0,504010,4,4,4,0,2023-01-10,2023-01-25,4,15
18424.0,505018,8,8,8,0,2023-01-10,2023-01-25,8,15
18424.0,505018,8,8,8,0,2023-01-10,2023-01-25,8,15
18578.0,246034,1,1,1,0,2023-02-07,2023-02-11,1,4
19059.0,5406,3,3,3,0,2023-02-28,2023-03-03,3,3
19059.0,1AB2190,1,1,1,0,2022-12-24,2023-01-30,1,37
21679.0,504010,11,11,11,0,2023-02-24,2023-03-27,11,31
21679.0,505018,28,28,28,0,2023-02-24,2023-03-27,28,31
21978.0,311191,1,1,1,0,2022-12-29,2023-01-11,1,13
21978.0,355017,1,1,1,0,2022-12-29,2023-01-11,1,13
22140.0,8720774,2,2,2,0,2023-01-12,2023-02-13,2,32
23119.0,5307401,6,0,4,0,2022-12-27,2023-01-20,4,24
23119.0,5307401,10,0,4,0,2022-12-27,2023-02-13,4,48
23119.0,5307401,7,0,4,0,2022-12-27,2023-02-14,4,49
23119.0,5307401,6,0,6,0,2022-12-08,2023-01-20,6,43
23119.0,5307401,10,0,6,0,2023-01-20,2023-02-13,6,24
23119.0,5307401,7,0,6,0,2023-01-20,2023-02-14,6,25
23119.0,5307401,10,0,6,0,2023-01-20,2023-03-13,6,52
23119.0,5307401,10,0,10,0,2023-02-13,2023-03-13,10,28
23119.0,5307401,10,0,7,0,2023-02-14,2023-03-13,7,27
23119.0,6598405,10,10,5,0,2023-03-13,2023-03-16,5,3
23896.0,504010,1,1,1,0,2023-03-02,2023-03-16,1,14
24972.0,544016,3,3,3,0,2022-12-22,2023-02-06,3,46
24972.0,545014,2,2,2,0,2022-12-22,2023-02-06,2,46
24972.0,546012,1,1,1,0,2022-12-22,2023-02-06,1,46
24972.0,547010,1,1,1,0,2022-12-22,2023-02-06,1,46
24972.0,556011,5,5,5,0,2022-12-22,2023-02-06,5,46
24972.0,557019,5,5,5,0,2022-12-22,2023-02-06,5,46
24972.0,559015,10,10,10,0,2022-12-22,2023-02-06,10,46
24972.0,661018,2,2,2,0,2022-12-22,2023-02-06,2,46
24972.0,662016,3,3,3,0,2022-12-22,2023-02-06,3,46
24972.0,663014,3,3,3,0,2022-12-22,2023-02-06,3,46
24972.0,666018,15,15,15,0,2022-12-22,2023-02-06,15,46
24972.0,692054,4,4,4,0,2022-12-22,2023-02-06,4,46
24972.0,795015,3,3,3,0,2022-12-22,2023-02-06,3,46
24972.0,9039059,2,2,2,0,2022-12-22,2023-02-06,2,46
25508.0,705014,1,1,1,0,2023-01-09,2023-01-30,1,21
25508.0,8740012,4,4,4,0,2023-01-09,2023-02-01,4,23
25840.0,8720774,2,2,2,0,2023-01-06,2023-02-15,2,40
26455.0,89400,12,12,12,0,2023-02-10,2023-02-20,12,10
26455.0,5307401,5,0,4,0,2023-01-20,2023-02-21,4,32
26455.0,5307401,4,0,4,0,2023-01-16,2023-01-20,4,4
26455.0,5307401,5,0,4,0,2023-01-16,2023-02-21,4,36
27118.0,1426585,2,2,2,0,2023-02-01,2023-02-08,2,7
27807.0,25628,11,11,11,0,2022-12-14,2023-01-20,11,37
27807.0,91488,10,10,6,0,2023-01-03,2023-02-24,6,52
27807.0,91488,10,10,6,0,2023-01-03,2023-01-13,6,10
27807.0,97403,15,15,15,0,2023-01-03,2023-02-24,15,52
27807.0,97403,15,15,15,0,2023-01-03,2023-02-06,15,34
27807.0,97403,15,0,15,0,2023-01-03,2023-01-13,15,10
27807.0,97403,15,15,15,0,2023-01-13,2023-02-24,15,42
27807.0,97403,15,15,15,0,2023-01-13,2023-02-06,15,24
27807.0,365016,1,1,1,0,2023-02-24,2023-02-28,1,4
27807.0,373019,2,2,2,0,2023-02-24,2023-02-28,2,4
27807.0,374025,2,0,1,0,2023-02-24,2023-02-28,1,4
27807.0,378019,1,1,1,0,2023-02-24,2023-02-28,1,4
27807.0,387036,1,1,1,0,2023-02-24,2023-02-28,1,4
27807.0,388018,1,0,1,0,2023-02-24,2023-02-28,1,4
27807.0,2305135,19,19,11,0,2023-01-03,2023-02-24,11,52
27807.0,2305135,11,11,11,0,2023-01-03,2023-01-13,11,10
27807.0,5307401,30,0,20,0,2022-12-05,2022-12-14,20,9
27807.0,5307401,40,0,20,0,2022-12-05,2023-01-13,20,39
27807.0,5307401,50,0,20,0,2022-12-05,2023-01-03,20,29
27807.0,5307401,50,0,20,0,2022-12-05,2023-01-13,20,39
27807.0,5307401,40,0,30,0,2022-12-14,2023-01-13,30,30
27807.0,5307401,50,0,30,0,2022-12-14,2023-01-03,30,20
27807.0,5307401,50,0,30,0,2022-12-14,2023-01-13,30,30
27807.0,5307401,50,0,40,0,2023-01-13,2023-02-24,40,42
27807.0,5307401,50,0,40,0,2023-01-13,2023-02-28,40,46
27807.0,5307401,50,0,50,0,2023-01-03,2023-02-24,50,52
27807.0,5307401,50,0,50,0,2023-01-03,2023-01-13,50,10
27807.0,5307401,50,0,50,0,2023-01-03,2023-02-28,50,56
27807.0,5307401,50,0,50,0,2023-02-24,2023-02-28,50,4
27807.0,5307401,50,0,50,0,2023-01-13,2023-02-24,50,42
27807.0,5307401,50,0,50,0,2023-01-13,2023-02-28,50,46
27807.0,5307401,50,0,4,0,2023-01-27,2023-02-24,4,28
27807.0,5307401,50,0,4,0,2023-01-27,2023-02-28,4,32
28602.0,91488,3,3,2,0,2023-01-20,2023-02-24,2,35
28669.0,4064408,2,2,2,0,2023-01-30,2023-03-22,2,51
28669.0,5483409,2,2,2,0,2023-01-30,2023-03-22,2,51
29164.0,11403,2,0,2,0,2023-01-10,2023-01-23,2,13
29164.0,365016,2,0,1,0,2023-01-10,2023-01-23,1,13
29726.0,91488,12,12,12,0,2022-11-29,2023-01-11,12,43
29726.0,5307401,14,0,12,0,2022-11-15,2022-11-29,12,14
29726.0,5307401,14,0,12,0,2022-11-15,2023-01-11,12,57
29726.0,5307401,14,0,14,0,2022-11-29,2023-01-11,14,43
29726.0,5307401,14,0,14,0,2022-11-29,2023-01-20,14,52
29726.0,5307401,14,0,14,0,2023-01-11,2023-01-20,14,9
29726.0,5307401,14,0,2,0,2023-01-09,2023-01-11,2,2
29726.0,5307401,10,0,2,0,2023-01-09,2023-02-27,2,49
29726.0,5307401,14,0,2,0,2023-01-09,2023-01-20,2,11
29726.0,5307401,8,0,2,0,2023-01-09,2023-01-27,2,18
29726.0,5307401,2,0,2,0,2023-01-09,2023-01-12,2,3
29726.0,5307401,10,0,8,0,2023-01-27,2023-02-27,8,31
29726.0,5307401,10,0,2,0,2023-01-12,2023-02-27,2,46
29726.0,5307401,14,0,2,0,2023-01-12,2023-01-20,2,8
29726.0,5307401,8,0,2,0,2023-01-12,2023-01-27,2,15
29929.0,1AA0003,1,1,1,0,2023-01-24,2023-01-31,1,7
29929.0,1AA0004,3,3,3,0,2023-01-24,2023-01-31,3,7
29944.0,372011,3,0,3,0,2023-01-25,2023-01-26,3,1
30092.0,14407,4,4,4,0,2023-01-05,2023-02-15,4,41
30092.0,45626,4,4,4,0,2023-01-05,2023-02-15,4,41
30092.0,48406,2,2,2,0,2023-01-05,2023-02-15,2,41
30092.0,91488,3,3,3,0,2023-01-05,2023-02-15,3,41
30092.0,97403,2,2,2,0,2023-01-05,2023-02-15,2,41
30092.0,3029395,2,2,2,0,2023-01-05,2023-02-15,2,41
30092.0,4520400,2,2,2,0,2023-01-05,2023-02-15,2,41
30092.0,4608404,2,2,2,0,2023-01-05,2023-02-15,2,41
30092.0,5482401,10,10,10,0,2023-01-05,2023-02-15,10,41
30092.0,5483409,1,1,1,0,2023-01-05,2023-02-15,1,41
30092.0,8720790,4,4,4,0,2023-01-05,2023-02-15,4,41
30092.0,9511404,1,1,1,0,2023-01-05,2023-02-15,1,41
30419.0,5307401,10,0,10,0,2023-01-25,2023-02-02,10,8
31363.0,5307401,6,0,6,0,2022-12-02,2022-12-29,6,27
31363.0,5307401,6,0,6,0,2022-12-02,2023-01-03,6,32
31363.0,5307401,6,0,6,0,2022-12-02,2023-01-18,6,47
31363.0,5307401,6,0,6,0,2022-12-29,2023-02-01,6,34
31363.0,5307401,6,0,6,0,2022-12-29,2023-01-03,6,5
31363.0,5307401,6,0,6,0,2022-12-29,2023-02-24,6,57
31363.0,5307401,6,0,6,0,2022-12-29,2023-01-18,6,20
31363.0,5307401,6,0,6,0,2022-12-29,2023-02-24,6,57
31363.0,5307401,6,0,6,0,2022-12-29,2023-02-01,6,34
31363.0,5307401,6,0,6,0,2023-02-01,2023-02-24,6,23
31363.0,5307401,6,0,6,0,2023-02-01,2023-02-24,6,23
31363.0,5307401,6,0,6,0,2023-01-03,2023-02-01,6,29
31363.0,5307401,6,0,6,0,2023-01-03,2023-02-24,6,52
31363.0,5307401,6,0,6,0,2023-01-03,2023-01-18,6,15
31363.0,5307401,6,0,6,0,2023-01-03,2023-02-24,6,52
31363.0,5307401,6,0,6,0,2023-01-03,2023-02-01,6,29
31363.0,5307401,6,0,6,0,2023-01-18,2023-02-01,6,14
31363.0,5307401,6,0,6,0,2023-01-18,2023-02-24,6,37
31363.0,5307401,6,0,6,0,2023-01-18,2023-02-24,6,37
31363.0,5307401,6,0,6,0,2023-01-18,2023-02-01,6,14
31363.0,5307401,6,0,2,0,2023-01-26,2023-02-01,2,6
31363.0,5307401,6,0,2,0,2023-01-26,2023-02-24,2,29
31363.0,5307401,6,0,2,0,2023-01-26,2023-02-24,2,29
31363.0,5307401,6,0,2,0,2023-01-26,2023-02-01,2,6
31363.0,5307401,6,0,6,0,2023-02-01,2023-02-24,6,23
31363.0,5307401,6,0,6,0,2023-02-01,2023-02-24,6,23
31612.0,505018,6,6,1,0,2023-02-07,2023-02-20,1,13
31612.0,505018,6,6,1,0,2023-02-07,2023-03-21,1,42
31925.0,504010,7,7,4,0,2023-01-13,2023-01-25,4,12
31925.0,504010,7,0,4,0,2023-01-13,2023-01-25,4,12
31925.0,505018,6,6,6,0,2023-01-13,2023-02-16,6,34
31925.0,505018,8,8,6,0,2023-01-13,2023-01-25,6,12
31925.0,505018,10,0,6,0,2023-01-13,2023-01-25,6,12
31925.0,634056,6,6,6,0,2023-02-16,2023-02-17,6,1
31971.0,504010,2,2,2,0,2023-01-02,2023-01-05,2,3
31971.0,504010,2,2,2,0,2023-01-02,2023-02-02,2,31
31971.0,505018,2,2,2,0,2023-01-02,2023-01-05,2,3
32117.0,504010,4,4,2,0,2023-01-09,2023-02-17,2,39
32117.0,504010,4,0,2,0,2023-01-09,2023-02-17,2,39
32117.0,504010,4,4,4,0,2023-02-17,2023-03-29,4,40
32117.0,505018,9,0,4,0,2023-01-09,2023-02-17,4,39
32117.0,505018,9,9,4,0,2023-01-09,2023-02-17,4,39
32192.0,8720790,2,2,2,0,2023-01-24,2023-02-27,2,34
33359.0,505018,13,13,13,0,2022-12-21,2023-02-14,13,55
33649.0,4064408,2,2,1,0,2022-12-22,2023-01-30,1,39
33813.0,504010,2,2,2,0,2023-01-11,2023-03-08,2,56
33813.0,631078,5,5,5,0,2023-01-11,2023-03-08,5,56
33813.0,662016,2,2,2,0,2023-01-11,2023-03-08,2,56
33813.0,663014,1,1,1,0,2023-01-11,2023-03-08,1,56
33813.0,707010,2,2,2,0,2023-01-11,2023-03-08,2,56
33925.0,1401405,15,0,2,0,2023-01-04,2023-02-23,2,50
33939.0,1676404,15,15,15,0,2023-03-03,2023-03-16,15,13
33939.0,5307401,15,0,10,0,2023-02-01,2023-02-27,10,26
33939.0,5307401,10,0,10,0,2023-02-01,2023-02-15,10,14
33939.0,5307401,10,0,10,0,2023-01-23,2023-02-01,10,9
33939.0,5307401,15,0,10,0,2023-01-23,2023-02-27,10,35
33939.0,5307401,10,0,10,0,2023-01-23,2023-02-01,10,9
33939.0,5307401,10,0,10,0,2023-01-23,2023-01-26,10,3
33939.0,5307401,10,0,10,0,2023-01-23,2023-02-15,10,23
33939.0,5307401,15,0,10,0,2023-02-01,2023-02-27,10,26
33939.0,5307401,10,0,10,0,2023-02-01,2023-02-15,10,14
33939.0,5307401,10,0,10,0,2023-01-26,2023-02-01,10,6
33939.0,5307401,15,0,10,0,2023-01-26,2023-02-27,10,32
33939.0,5307401,10,0,10,0,2023-01-26,2023-02-01,10,6
33939.0,5307401,10,0,10,0,2023-01-26,2023-02-15,10,20
33939.0,5307401,15,0,10,0,2023-02-15,2023-02-27,10,12
33939.0,5307401,15,0,6,0,2023-02-01,2023-02-27,6,26
33939.0,5307401,10,0,6,0,2023-02-01,2023-02-15,6,14
34099.0,725012,4,4,4,0,2023-01-16,2023-01-17,4,1
34734.0,505018,13,13,12,0,2023-01-30,2023-03-27,12,56
34734.0,505018,14,14,12,0,2023-01-30,2023-03-08,12,37
34826.0,91488,4,4,4,0,2023-02-14,2023-03-09,4,23
35210.0,5307401,8,0,8,0,2022-12-13,2023-01-24,8,42
35210.0,5307401,8,0,8,0,2022-12-13,2023-01-03,8,21
35210.0,5307401,8,0,8,0,2022-12-13,2023-01-27,8,45
35210.0,5307401,8,0,8,0,2023-01-24,2023-01-27,8,3
35210.0,5307401,8,0,8,0,2023-01-03,2023-01-24,8,21
35210.0,5307401,8,0,8,0,2023-01-03,2023-01-27,8,24
35886.0,246117,1,1,1,0,2023-02-11,2023-03-21,1,38
35886.0,246117,1,1,1,0,2023-02-11,2023-03-21,1,38
35886.0,437047,1,0,1,0,2023-01-12,2023-02-11,1,30
35886.0,504010,2,2,2,0,2023-01-06,2023-01-12,2,6
35886.0,504010,2,0,2,0,2023-01-06,2023-01-12,2,6
35886.0,505018,3,3,2,0,2023-01-06,2023-01-12,2,6
35886.0,571019,1,0,1,0,2023-01-06,2023-01-12,1,6
35886.0,829012,4,0,4,0,2023-01-06,2023-01-12,4,6
35886.0,1AB1973,1,1,1,0,2023-01-06,2023-01-20,1,14
35886.0,1AB1973,1,0,1,0,2023-01-06,2023-01-12,1,6
35886.0,1AB1973,1,1,1,0,2023-01-12,2023-01-20,1,8
35980.0,5307401,10,0,5,0,2022-12-27,2023-01-03,5,7
35980.0,5307401,6,0,5,0,2022-12-27,2023-01-30,5,34
35980.0,5307401,6,0,5,0,2022-12-27,2023-01-31,5,35
35980.0,5307401,6,0,6,0,2023-01-30,2023-01-31,6,1
35980.0,5307401,6,0,4,0,2023-01-27,2023-01-30,4,3
35980.0,5307401,6,0,4,0,2023-01-27,2023-01-31,4,4
36412.0,5406,4,4,4,0,2023-02-05,2023-03-02,4,25
36521.0,504010,2,2,1,0,2023-02-07,2023-03-06,1,27
36521.0,504010,2,2,1,0,2023-02-07,2023-02-15,1,8
36521.0,505018,3,3,3,0,2023-03-13,2023-03-21,3,8
36521.0,505018,3,0,3,0,2023-03-06,2023-03-13,3,7
36521.0,505018,3,3,3,0,2023-03-06,2023-03-21,3,15
36614.0,89400,2,2,2,0,2023-02-20,2023-02-23,2,3
36614.0,372011,1,1,1,0,2023-02-20,2023-03-21,1,29
36614.0,373019,1,1,1,0,2023-02-20,2023-03-21,1,29
36619.0,387028,2,2,2,0,2023-02-09,2023-03-03,2,22
36619.0,4520400,4,4,4,0,2023-02-09,2023-03-03,4,22
36619.0,4520400,4,4,4,0,2023-02-09,2023-03-06,4,25
36619.0,4907400,14,14,14,0,2023-02-09,2023-03-03,14,22
36619.0,4907400,22,22,14,0,2023-02-09,2023-03-06,14,25
36619.0,6598405,24,24,16,0,2023-03-03,2023-03-06,16,3
36619.0,6623400,12,12,12,0,2023-02-09,2023-03-03,12,22
36619.0,6623400,14,14,12,0,2023-02-09,2023-03-06,12,25
36638.0,829012,3,0,2,0,2022-12-21,2023-02-06,2,47
36728.0,369018,1,1,1,0,2023-03-13,2023-03-15,1,2
36728.0,373019,1,1,1,0,2023-03-13,2023-03-15,1,2
36728.0,374025,1,1,1,0,2023-03-13,2023-03-15,1,2
36728.0,1AA0003,1,1,1,0,2023-03-13,2023-03-15,1,2
37382.0,505018,13,13,12,0,2023-02-13,2023-03-09,12,24
37382.0,571019,4,4,4,0,2023-02-13,2023-03-09,4,24
37721.0,45626,2,2,2,0,2023-02-28,2023-03-14,2,14
37721.0,9076051,1,1,1,0,2023-02-13,2023-03-13,1,28
37756.0,5406,6,6,2,0,2022-12-12,2023-01-20,2,39
37756.0,24406,3,3,3,0,2022-12-12,2023-01-20,3,39
37756.0,309170,2,2,2,0,2022-12-12,2023-01-20,2,39
38152.0,504010,1,1,1,0,2023-02-21,2023-02-28,1,7
38152.0,727752,1,0,1,0,2023-02-21,2023-02-28,1,7
38152.0,6979407,2,2,2,0,2023-02-21,2023-02-28,2,7
38301.0,505018,16,16,16,0,2023-02-06,2023-02-10,16,4
38301.0,2101046,1,0,1,0,2023-02-21,2023-02-27,1,6
38608.0,504010,2,2,2,0,2023-03-08,2023-03-20,2,12
38608.0,504010,2,0,1,0,2023-01-24,2023-03-08,1,43
38608.0,504010,2,2,1,0,2023-01-24,2023-03-20,1,55
38609.0,505018,6,6,6,0,2023-01-09,2023-01-30,6,21
38720.0,4520400,2,2,2,0,2022-11-09,2022-12-13,2,34
38726.0,62349,1,1,1,0,2023-01-25,2023-02-21,1,27
38726.0,62349,1,0,1,0,2023-01-24,2023-01-25,1,1
38726.0,62349,1,1,1,0,2023-01-24,2023-02-21,1,28
38726.0,91488,6,6,5,0,2023-01-25,2023-02-21,5,27
38726.0,91488,8,8,5,0,2023-01-25,2023-02-21,5,27
38726.0,91488,8,8,8,0,2023-01-25,2023-02-21,8,27
38726.0,91488,5,0,5,0,2023-01-24,2023-01-25,5,1
38726.0,91488,8,0,5,0,2023-01-24,2023-01-25,5,1
38726.0,91488,6,6,5,0,2023-01-24,2023-02-21,5,28
38726.0,91488,8,8,5,0,2023-01-24,2023-02-21,5,28
38726.0,91488,8,0,8,0,2023-01-24,2023-01-25,8,1
38726.0,91488,8,8,8,0,2023-01-24,2023-02-21,8,28
38726.0,97403,2,2,2,0,2023-01-24,2023-01-25,2,1
38726.0,225012,1,1,1,0,2023-01-24,2023-01-25,1,1
38726.0,367012,1,1,1,0,2023-01-24,2023-01-25,1,1
38726.0,4520400,2,2,2,0,2023-01-24,2023-01-25,2,1
38726.0,4907400,4,4,3,0,2022-12-23,2023-02-21,3,60
38726.0,5482401,10,10,8,0,2023-01-24,2023-02-21,8,28
38726.0,6179403,3,3,3,0,2023-01-24,2023-01-25,3,1
38726.0,6179403,3,3,3,0,2023-01-24,2023-02-21,3,28
38726.0,6598405,5,5,4,0,2023-01-25,2023-02-21,4,27
38726.0,6598405,4,0,4,0,2023-01-24,2023-01-25,4,1
38726.0,6598405,5,5,4,0,2023-01-24,2023-02-21,4,28
38726.0,1AB2693,1,0,1,0,2023-01-24,2023-01-25,1,1
38806.0,97403,4,4,2,0,2023-02-27,2023-03-20,2,21
38844.0,387036,1,1,1,0,2023-03-07,2023-03-10,1,3
38846.0,45626,4,4,4,0,2023-02-27,2023-03-07,4,8
38901.0,5985405,2,2,1,0,2023-02-06,2023-02-27,1,21
38939.0,4757409,11,11,1,0,2023-02-06,2023-02-14,1,8
38984.0,91488,2,2,2,0,2022-12-23,2023-01-06,2,14
38984.0,6598405,10,10,10,0,2022-12-23,2023-01-06,10,14
39001.0,5406,2,2,2,0,2023-02-06,2023-02-16,2,10
39001.0,97403,1,1,1,0,2023-02-06,2023-02-16,1,10
39001.0,1402403,4,4,4,0,2023-02-06,2023-02-16,4,10
39001.0,1AB2190,1,1,1,0,2023-02-06,2023-02-16,1,10
39022.0,721010,2,2,2,0,2023-03-03,2023-03-06,2,3
39022.0,723016,3,3,3,0,2023-03-03,2023-03-06,3,3
39131.0,634056,3,3,3,0,2023-01-08,2023-02-28,3,51
39131.0,799215,1,0,1,0,2023-01-08,2023-02-28,1,51
39187.0,8720774,1,1,1,0,2022-12-06,2023-01-24,1,49
39191.0,367012,2,2,2,0,2023-01-09,2023-02-02,2,24
39231.0,1AB3457,2,2,2,0,2022-12-08,2023-02-01,2,55
39249.0,546012,1,1,1,0,2023-01-29,2023-02-01,1,3
39249.0,548026,2,2,1,0,2023-01-29,2023-02-01,1,3
39249.0,549024,2,2,1,0,2023-01-29,2023-02-01,1,3
39256.0,5406,12,0,12,0,2023-02-14,2023-02-28,12,14
39256.0,5406,12,0,12,0,2023-02-14,2023-02-28,12,14
39366.0,829012,2,2,2,0,2022-12-23,2023-02-07,2,46
39398.0,523010,1,0,1,0,2022-12-30,2023-01-12,1,13
39398.0,571019,2,2,1,0,2022-12-30,2023-01-03,1,4
39398.0,571050,2,2,2,0,2022-12-30,2023-01-03,2,4
39398.0,630054,13,13,12,0,2022-12-30,2023-01-12,12,13
39398.0,630062,10,0,10,0,2022-12-30,2023-01-12,10,13
39398.0,919011,2,2,2,0,2022-12-30,2023-01-12,2,13
39503.0,5406,8,8,8,0,2023-01-16,2023-02-07,8,22
39612.0,658031,1,1,1,0,2023-02-20,2023-03-26,1,34
39679.0,8740012,4,4,4,0,2022-12-30,2023-01-24,4,25
39714.0,1628,2,2,2,0,2023-02-03,2023-02-13,2,10
39714.0,5406,10,10,10,0,2023-02-03,2023-02-13,10,10
39714.0,396029,2,2,2,0,2023-02-03,2023-02-13,2,10
39714.0,437047,1,1,1,0,2023-02-03,2023-02-13,1,10
39714.0,1AA0004,9,9,9,0,2023-02-03,2023-02-13,9,10
39726.0,394106,1,1,1,0,2023-02-07,2023-03-09,1,30
39735.0,505018,15,15,15,0,2023-01-28,2023-02-13,15,16
39967.0,8666408,20,20,5,0,2023-01-26,2023-01-27,5,1
40198.0,504010,6,6,6,0,2023-01-11,2023-03-08,6,56
40198.0,505018,17,17,15,0,2023-01-11,2023-03-08,15,56
40198.0,542010,2,2,2,0,2023-01-11,2023-03-08,2,56
40198.0,543018,2,2,2,0,2023-01-11,2023-03-08,2,56
40322.0,373019,1,1,1,0,2023-01-18,2023-02-15,1,28
40322.0,387036,1,1,1,0,2023-01-18,2023-02-15,1,28
40322.0,829012,2,2,1,0,2022-12-29,2023-01-18,1,20
40322.0,829012,2,2,2,0,2022-12-29,2023-01-18,2,20
40322.0,829012,2,2,2,0,2022-12-29,2023-01-18,2,20
40322.0,3100203,1,0,1,0,2023-01-18,2023-02-15,1,28
40322.0,8720790,2,2,2,0,2023-01-18,2023-02-15,2,28
40436.0,97403,3,3,3,0,2022-12-27,2023-01-09,3,13
40436.0,4907400,1,1,1,0,2022-12-27,2023-01-09,1,13
40436.0,4907400,1,1,1,0,2022-12-27,2023-01-30,1,34
40464.0,1AB2733,1,1,1,0,2023-02-16,2023-02-20,1,4
40521.0,505018,7,7,4,0,2023-02-01,2023-02-17,4,16
40625.0,14407,5,5,4,0,2023-01-18,2023-03-08,4,49
40625.0,24406,4,4,4,0,2023-01-18,2023-03-08,4,49
40625.0,5482401,8,8,8,0,2023-01-18,2023-03-08,8,49
40625.0,8720790,5,5,4,0,2023-01-18,2023-03-08,4,49
40697.0,5307401,8,0,8,0,2022-12-24,2023-01-20,8,27
40697.0,5307401,8,0,8,0,2022-12-24,2023-02-15,8,53
40697.0,5307401,8,0,8,0,2022-12-24,2023-01-27,8,34
40697.0,5307401,8,0,8,0,2022-12-12,2022-12-24,8,12
40697.0,5307401,8,0,8,0,2022-12-12,2023-01-20,8,39
40697.0,5307401,8,0,8,0,2022-12-12,2023-01-27,8,46
40697.0,5307401,8,0,6,0,2023-01-18,2023-01-20,6,2
40697.0,5307401,8,0,6,0,2023-01-18,2023-02-15,6,28
40697.0,5307401,8,0,6,0,2023-01-18,2023-01-27,6,9
40697.0,5307401,8,0,8,0,2023-01-20,2023-02-15,8,26
40697.0,5307401,8,0,8,0,2023-01-20,2023-01-27,8,7
40697.0,5307401,8,0,8,0,2023-01-27,2023-02-15,8,19
40860.0,1AB2919,10,10,10,0,2022-12-20,2023-01-10,10,21
40909.0,639023,1,1,1,0,2023-01-08,2023-02-20,1,43
40909.0,644022,1,0,1,0,2022-12-30,2023-01-08,1,9
40909.0,644022,1,1,1,0,2022-12-30,2023-02-20,1,52
40909.0,644022,1,1,1,0,2023-01-08,2023-02-20,1,43
40909.0,829012,1,0,1,0,2022-12-30,2023-01-08,1,9
40909.0,829012,1,1,1,0,2022-12-30,2023-02-20,1,52
40909.0,829012,1,1,1,0,2023-01-08,2023-02-20,1,43
40909.0,9511404,6,6,6,0,2022-12-30,2023-01-08,6,9
41069.0,5482401,8,8,4,0,2023-01-13,2023-03-02,4,48
41144.0,505018,3,3,2,0,2022-12-23,2023-02-20,2,59
41272.0,505018,6,0,5,0,2023-01-23,2023-03-07,5,43
41272.0,505018,6,6,5,0,2023-01-23,2023-03-07,5,43
41303.0,14407,4,4,4,0,2023-01-13,2023-01-30,4,17
41337.0,1AA3399,1,1,1,0,2023-03-14,2023-03-21,1,7
41515.0,571019,2,2,2,0,2023-03-28,2023-03-29,2,1
41575.0,313197,5,0,5,0,2022-12-15,2023-01-06,5,22
41575.0,315094,1,1,1,0,2022-12-15,2023-01-06,1,22
41575.0,504010,3,3,3,0,2023-02-03,2023-02-13,3,10
41601.0,1AB2733,2,2,2,0,2023-02-09,2023-02-12,2,3
41601.0,1AB2735,2,2,2,0,2023-02-09,2023-02-12,2,3
41601.0,1AB2738,1,1,1,0,2023-02-09,2023-02-12,1,3
41601.0,1AB2739,1,1,1,0,2023-02-09,2023-02-12,1,3
41601.0,1AB2807,3,3,3,0,2023-02-09,2023-02-12,3,3
41711.0,5307401,9,0,9,0,2022-12-28,2023-01-17,9,20
41711.0,5307401,10,10,9,0,2023-01-17,2023-03-08,9,50
41754.0,725012,1,1,1,0,2023-01-06,2023-03-03,1,56
41858.0,11403,6,6,6,0,2023-02-22,2023-03-15,6,21
42013.0,1AB6168,1,1,1,0,2023-03-24,2023-03-29,1,5
42064.0,1105403,9,9,9,0,2023-01-29,2023-03-07,9,37
42080.0,505018,11,11,11,0,2023-02-05,2023-03-21,11,44
42117.0,9804015,1,1,1,0,2023-01-13,2023-02-01,1,19
42122.0,6598405,4,4,4,0,2023-02-28,2023-03-27,4,27
42124.0,5307401,12,0,4,0,2022-12-02,2022-12-29,4,27
42191.0,201020,1,1,1,0,2022-12-01,2023-01-23,1,53
42191.0,504010,2,2,2,0,2023-01-03,2023-02-16,2,44
42191.0,505018,4,4,4,0,2023-01-03,2023-02-16,4,44
42193.0,8720790,2,2,2,0,2023-01-10,2023-01-19,2,9
42269.0,6623400,4,4,4,0,2022-12-12,2023-02-03,4,53
42445.0,62349,3,3,3,0,2023-01-24,2023-03-03,3,38
42445.0,1AA0003,2,2,2,0,2023-01-24,2023-03-03,2,38
42465.0,14407,2,2,2,0,2023-02-28,2023-03-01,2,1
42465.0,82404,4,4,4,0,2023-02-28,2023-03-01,4,1
42465.0,91488,4,4,4,0,2023-02-28,2023-03-01,4,1
42465.0,8720774,4,4,4,0,2023-02-28,2023-03-01,4,1
42465.0,8720790,4,4,4,0,2023-02-28,2023-03-01,4,1
42558.0,384016,5,5,5,0,2022-12-27,2023-02-09,5,44
42561.0,504010,3,3,3,0,2023-03-08,2023-03-17,3,9
42561.0,504010,3,3,3,0,2023-03-08,2023-03-17,3,9
42706.0,367012,1,1,1,0,2023-03-28,2023-03-29,1,1
42706.0,369026,1,1,1,0,2023-03-28,2023-03-29,1,1
42706.0,373019,1,1,1,0,2023-03-28,2023-03-29,1,1
42706.0,8720790,2,2,2,0,2023-03-28,2023-03-29,2,1
42706.0,1AA0004,1,1,1,0,2023-03-28,2023-03-29,1,1
42739.0,526014,1,1,1,0,2022-12-20,2023-02-06,1,48
42739.0,527012,1,1,1,0,2022-12-20,2023-02-06,1,48
42739.0,528010,1,1,1,0,2022-12-20,2023-02-06,1,48
42739.0,661018,1,1,1,0,2022-12-20,2023-02-06,1,48
42739.0,9088015,1,1,1,0,2022-12-20,2023-02-06,1,48
42832.0,97403,8,8,5,0,2022-12-24,2023-01-18,5,25
42832.0,97403,8,8,5,0,2022-12-24,2023-02-21,5,59
42848.0,1AB2735,8,8,5,0,2023-01-31,2023-02-08,5,8
42848.0,1AB3457,3,3,1,0,2023-01-31,2023-02-08,1,8
42848.0,1AB4571,8,8,6,0,2023-01-31,2023-02-08,6,8
43010.0,725590,2,2,2,0,2023-02-27,2023-03-27,2,28
43010.0,799207,1,1,1,0,2023-02-27,2023-03-27,1,28
43022.0,794009,1,1,1,0,2022-12-24,2023-02-14,1,52
43022.0,794009,1,1,1,0,2022-12-24,2023-02-14,1,52
43022.0,795001,1,1,1,0,2022-12-24,2023-02-14,1,52
43022.0,795001,1,1,1,0,2022-12-24,2023-02-14,1,52
43026.0,505018,7,7,7,0,2022-12-21,2023-01-13,7,23
43085.0,505018,2,2,2,0,2023-03-08,2023-03-15,2,7
43146.0,9804015,1,1,1,0,2023-02-12,2023-03-19,1,35
43146.0,9809015,4,0,4,0,2023-02-12,2023-03-19,4,35
43146.0,9809015,4,0,4,0,2023-02-12,2023-03-19,4,35
43146.0,9809015,4,4,4,0,2023-02-12,2023-03-19,4,35
43286.0,5406,3,0,3,0,2023-03-20,2023-03-27,3,7
43286.0,5482401,4,4,4,0,2023-03-20,2023-03-27,4,7
43305.0,1105403,12,12,12,0,2023-01-23,2023-02-01,12,9
43306.0,14407,4,4,2,0,2023-02-08,2023-03-20,2,40
43387.0,225012,3,3,2,0,2023-01-05,2023-02-24,2,50
43447.0,3704138,1,1,1,0,2023-03-06,2023-03-09,1,3
43447.0,5488409,3,3,3,0,2023-03-06,2023-03-09,3,3
43450.0,367012,1,0,1,0,2023-02-20,2023-03-13,1,21
43450.0,367012,1,1,1,0,2023-02-20,2023-03-13,1,21
43450.0,829012,2,0,1,0,2023-01-16,2023-02-20,1,35
43450.0,829012,2,2,1,0,2023-01-16,2023-03-13,1,56
43450.0,829012,2,2,2,0,2023-02-20,2023-03-13,2,21
43460.0,367012,2,0,2,0,2023-03-02,2023-03-07,2,5
43460.0,378019,1,0,1,0,2023-03-02,2023-03-07,1,5
43460.0,829012,1,1,1,0,2023-03-02,2023-03-07,1,5
43475.0,829012,2,2,1,0,2023-02-15,2023-02-28,1,13
43506.0,89400,14,14,10,0,2023-02-13,2023-03-14,10,29
43506.0,89400,10,10,10,0,2023-02-13,2023-02-16,10,3
43506.0,1676404,2,2,2,0,2023-03-14,2023-03-25,2,11
43506.0,5307401,2,0,2,0,2023-01-13,2023-01-20,2,7
43506.0,5307401,3,0,2,0,2023-01-13,2023-02-13,2,31
43506.0,5307401,3,0,2,0,2023-01-13,2023-02-16,2,34
43506.0,5307401,3,0,2,0,2023-01-20,2023-02-13,2,24
43506.0,5307401,3,0,2,0,2023-01-20,2023-02-16,2,27
43506.0,5307401,3,0,3,0,2023-02-13,2023-02-16,3,3
43597.0,8717714,1,1,1,0,2023-01-12,2023-01-16,1,4
43618.0,14407,4,4,4,0,2023-01-05,2023-01-15,4,10
43665.0,394106,1,1,1,0,2023-01-03,2023-01-19,1,16
43671.0,505018,4,4,4,0,2023-01-15,2023-03-06,4,50
43682.0,14407,2,2,2,0,2023-02-06,2023-02-14,2,8
43778.0,1105403,4,4,4,0,2023-02-02,2023-02-09,4,7
43778.0,1AA0004,3,3,3,0,2023-02-02,2023-02-09,3,7
43806.0,829012,2,2,1,0,2023-01-13,2023-03-06,1,52
43889.0,97403,1,1,1,0,2023-02-06,2023-02-28,1,22
43889.0,6598405,1,1,1,0,2023-02-06,2023-02-28,1,22
43889.0,8720790,1,1,1,0,2023-02-06,2023-02-28,1,22
43889.0,1AB2733,1,1,1,0,2023-02-06,2023-02-28,1,22
43889.0,1AB2735,1,1,1,0,2023-02-06,2023-02-28,1,22
43935.0,4226404,1,1,1,0,2023-01-09,2023-01-18,1,9
43935.0,6179403,3,3,3,0,2023-01-09,2023-01-18,3,9
43935.0,1AB2691,2,2,2,0,2023-01-09,2023-01-18,2,9
44021.0,14407,3,3,3,0,2023-01-13,2023-01-30,3,17
44021.0,5482401,5,5,5,0,2023-01-13,2023-01-30,5,17
44021.0,5482401,6,6,5,0,2023-01-13,2023-03-14,5,60
44021.0,8720790,1,0,1,0,2023-01-13,2023-01-30,1,17
44021.0,8720790,3,0,1,0,2023-01-13,2023-03-14,1,60
44021.0,8720790,3,0,1,0,2023-01-30,2023-03-14,1,43
44054.0,58405,2,2,2,0,2023-02-13,2023-02-20,2,7
44054.0,8717714,1,1,1,0,2023-02-13,2023-02-20,1,7
44072.0,6598405,4,4,4,0,2023-02-17,2023-02-27,4,10
44130.0,1412402,3,3,2,0,2023-03-07,2023-03-15,2,8
44196.0,1AA8981,1,1,1,0,2023-01-13,2023-02-21,1,39
44310.0,14407,6,0,6,0,2023-02-01,2023-03-20,6,47
44310.0,14407,6,6,6,0,2023-02-01,2023-03-20,6,47
44317.0,8720790,4,4,4,0,2023-01-20,2023-01-25,4,5
44325.0,8400,1,1,1,0,2023-03-06,2023-03-15,1,9
44325.0,89400,16,16,3,0,2022-12-18,2023-01-04,3,17
44325.0,89400,3,3,3,0,2022-12-18,2023-01-24,3,37
44325.0,233023,1,1,1,0,2023-02-09,2023-03-06,1,25
44325.0,233023,1,1,1,0,2023-02-09,2023-03-06,1,25
44325.0,5307401,3,0,3,0,2023-03-06,2023-03-10,3,4
44325.0,5482401,2,2,2,0,2023-03-06,2023-03-15,2,9
44325.0,5488409,5,0,5,0,2023-03-06,2023-03-15,5,9
44325.0,5736402,4,4,4,0,2023-03-06,2023-03-15,4,9
44383.0,5307401,10,0,4,0,2022-10-31,2022-12-20,4,50
44383.0,5307401,10,0,10,0,2022-12-20,2023-01-20,10,31
44383.0,5307401,10,0,6,0,2023-01-11,2023-01-20,6,9
44482.0,505018,3,3,3,0,2023-01-11,2023-01-25,3,14
44482.0,505018,3,3,3,0,2023-01-11,2023-01-25,3,14
44482.0,4608404,6,6,6,0,2023-01-11,2023-01-25,6,14
44504.0,741018,1,1,1,0,2023-02-20,2023-03-03,1,11
44566.0,82404,8,8,1,0,2023-01-18,2023-03-06,1,47
44826.0,1105403,4,4,4,0,2023-01-09,2023-02-20,4,42
44826.0,1401405,4,4,2,0,2023-01-09,2023-02-20,2,42
44826.0,9511404,4,4,2,0,2023-01-09,2023-02-20,2,42
44966.0,504010,2,2,1,0,2023-01-23,2023-03-08,1,44
44967.0,14407,4,4,4,0,2023-01-27,2023-02-20,4,24
45042.0,1AB3456,6,6,6,0,2023-02-17,2023-03-08,6,19
45074.0,1401405,8,0,6,0,2022-12-13,2023-02-10,6,59
45121.0,373019,2,2,2,0,2023-01-23,2023-02-27,2,35
45238.0,725012,4,4,4,0,2023-01-20,2023-01-30,4,10
45257.0,8720774,1,1,1,0,2022-11-22,2023-01-13,1,52
45307.0,4757409,3,0,3,0,2022-12-08,2023-01-12,3,35
45307.0,4757409,5,5,3,0,2023-01-12,2023-03-03,3,50
45379.0,5480405,10,10,10,0,2023-01-31,2023-03-16,10,44
45474.0,97403,2,2,2,0,2023-02-14,2023-02-20,2,6
45524.0,504010,3,3,3,0,2023-01-17,2023-01-20,3,3
45524.0,505018,6,6,6,0,2023-01-17,2023-01-20,6,3
45524.0,546053,1,0,1,0,2023-01-17,2023-01-31,1,14
45524.0,575011,1,1,1,0,2023-01-17,2023-01-31,1,14
45524.0,725012,1,1,1,0,2023-01-17,2023-01-20,1,3
45535.0,5406,10,10,10,0,2023-02-08,2023-02-21,10,13
45535.0,24406,10,10,10,0,2023-02-08,2023-02-21,10,13
45680.0,9804015,1,1,1,0,2023-02-13,2023-03-06,1,21
45680.0,9809015,5,5,5,0,2023-02-13,2023-03-06,5,21
45727.0,373019,2,2,3,1,2023-01-11,2023-01-18,2,7
45752.0,24406,2,2,2,0,2023-01-09,2023-01-23,2,14
45752.0,1AB2733,1,1,1,0,2022-12-22,2022-12-29,1,7
45752.0,1AB6168,1,1,1,0,2022-12-22,2022-12-29,1,7
45782.0,3029395,2,2,2,0,2022-12-14,2022-12-19,2,5
45782.0,3029395,2,2,2,0,2022-12-14,2022-12-19,2,5
45812.0,91488,12,12,12,0,2023-02-14,2023-02-16,12,2
45874.0,14407,4,4,4,0,2023-01-10,2023-01-24,4,14
45928.0,829012,2,0,2,0,2022-12-23,2023-02-15,2,54
45928.0,829012,2,2,2,0,2022-12-23,2023-02-15,2,54
45928.0,829012,3,3,2,0,2023-02-15,2023-03-14,2,27
45928.0,3029395,1,0,1,0,2023-02-15,2023-03-03,1,16
46030.0,725012,1,1,1,0,2023-01-05,2023-01-09,1,4
46037.0,829012,1,1,1,0,2023-03-03,2023-03-15,1,12
46043.0,505018,8,0,8,0,2023-01-09,2023-03-06,8,56
46069.0,14407,4,4,4,0,2022-11-23,2023-01-10,4,48
46069.0,4608404,4,4,4,0,2022-11-23,2023-01-10,4,48
46215.0,14407,3,0,3,0,2023-01-20,2023-02-01,3,12
46215.0,1401405,1,1,1,0,2023-01-20,2023-02-01,1,12
46225.0,7402,6,0,6,0,2022-12-27,2023-01-04,6,8
46225.0,365016,2,0,2,0,2022-12-27,2023-01-04,2,8
46225.0,378019,2,0,2,0,2022-12-27,2023-01-04,2,8
46228.0,829012,2,0,2,0,2023-01-10,2023-02-01,2,22
46301.0,374025,1,1,1,0,2022-12-29,2023-02-17,1,50
46305.0,367012,3,3,3,0,2023-02-09,2023-02-20,3,11
46309.0,8720790,4,4,4,0,2023-03-20,2023-03-23,4,3
46415.0,5406,12,12,12,0,2023-01-11,2023-01-28,12,17
46533.0,1402403,2,0,2,0,2023-01-04,2023-02-06,2,33
46533.0,8720790,5,5,5,0,2023-01-04,2023-02-06,5,33
46533.0,9511404,1,1,1,0,2023-01-04,2023-02-06,1,33
46611.0,5307401,2,0,2,0,2022-12-24,2022-12-28,2,4
46611.0,5307401,8,0,2,0,2022-12-24,2023-01-16,2,23
46611.0,5307401,4,0,2,0,2022-12-24,2023-01-26,2,33
46611.0,5307401,8,0,2,0,2022-12-28,2023-01-16,2,19
46611.0,5307401,4,0,2,0,2022-12-28,2023-01-26,2,29
46763.0,14407,4,4,4,0,2023-02-06,2023-02-20,4,14
46763.0,24406,3,3,3,0,2023-02-06,2023-02-20,3,14
46763.0,97403,4,4,4,0,2023-02-06,2023-02-20,4,14
46787.0,5406,6,6,4,0,2023-02-17,2023-03-17,4,28
46787.0,97403,4,4,2,0,2023-02-17,2023-03-17,2,28
46842.0,505018,17,17,17,0,2023-01-30,2023-02-03,17,4
46900.0,526014,1,1,1,0,2023-01-10,2023-01-19,1,9
46900.0,526014,1,1,1,0,2023-01-10,2023-01-19,1,9
46927.0,4907400,25,25,15,0,2023-02-01,2023-02-27,15,26
46927.0,4907400,35,35,15,0,2023-02-01,2023-02-07,15,6
46927.0,5307401,10,0,10,0,2023-02-01,2023-02-07,10,6
46931.0,233023,1,1,1,0,2023-02-02,2023-02-22,1,20
46931.0,313197,1,1,1,0,2023-02-02,2023-02-22,1,20
46931.0,367012,1,1,1,0,2023-02-02,2023-02-22,1,20
46931.0,373019,3,3,3,0,2023-02-02,2023-02-22,3,20
46931.0,378019,1,1,1,0,2023-02-02,2023-02-22,1,20
46931.0,6968020,1,1,1,0,2023-02-02,2023-02-22,1,20
47331.0,373019,1,0,1,0,2023-02-10,2023-03-13,1,31
47582.0,97403,4,4,4,0,2023-01-05,2023-01-10,4,5
47582.0,504010,2,0,2,0,2023-01-05,2023-01-10,2,5
47582.0,504010,2,2,2,0,2023-01-05,2023-01-17,2,12
47582.0,504010,2,2,2,0,2023-01-05,2023-02-21,2,47
47582.0,504010,2,2,2,0,2023-01-10,2023-01-17,2,7
47582.0,504010,2,2,2,0,2023-01-10,2023-02-21,2,42
47582.0,504010,6,6,2,0,2023-01-10,2023-03-10,2,59
47582.0,505018,2,0,2,0,2023-01-05,2023-01-10,2,5
47582.0,505018,2,2,2,0,2023-01-05,2023-01-17,2,12
47582.0,505018,2,2,2,0,2023-01-05,2023-02-21,2,47
47582.0,505018,2,2,2,0,2023-01-10,2023-01-17,2,7
47582.0,505018,2,2,2,0,2023-01-10,2023-02-21,2,42
47582.0,505018,6,6,2,0,2023-01-10,2023-03-10,2,59
47613.0,571415,1,1,1,0,2023-03-06,2023-03-28,1,22
47650.0,97403,16,16,6,0,2023-02-08,2023-02-11,6,3
47779.0,367012,2,2,2,0,2023-02-14,2023-02-16,2,2
47779.0,5488409,8,0,8,0,2023-02-14,2023-02-16,8,2
47810.0,129503,1,0,1,0,2023-01-25,2023-02-26,1,32
47810.0,367012,5,5,5,0,2023-01-25,2023-02-26,5,32
47810.0,783010,2,0,1,0,2023-01-25,2023-02-26,1,32
47810.0,787012,2,0,1,0,2023-01-25,2023-02-26,1,32
47810.0,829012,2,0,2,0,2023-01-25,2023-02-26,2,32
47810.0,829012,2,0,2,0,2023-01-25,2023-02-26,2,32
47810.0,1AB2733,5,0,5,0,2023-01-25,2023-02-26,5,32
47810.0,1AB2739,3,0,1,0,2023-01-25,2023-02-26,1,32
47912.0,630054,2,0,2,0,2022-12-29,2023-01-03,2,5
48263.0,1402403,3,3,3,0,2023-01-03,2023-01-06,3,3
48355.0,6979407,1,1,1,0,2023-01-25,2023-02-09,1,15
48525.0,14407,2,2,2,0,2022-12-27,2023-02-08,2,43
48560.0,91488,4,4,3,0,2023-01-31,2023-03-15,3,43
48560.0,97403,6,6,4,0,2023-02-05,2023-03-15,4,38
48829.0,97403,4,4,4,0,2023-03-05,2023-03-16,4,11
48829.0,367012,2,2,2,0,2023-03-05,2023-03-16,2,11
48829.0,6968020,1,1,1,0,2023-03-05,2023-03-16,1,11
48829.0,6968038,1,1,1,0,2023-03-05,2023-03-16,1,11
48929.0,5406,1,1,1,0,2023-01-30,2023-02-17,1,18
48929.0,394106,1,0,1,0,2023-01-30,2023-02-17,1,18
48929.0,4520400,2,2,2,0,2023-01-30,2023-02-17,2,18
48950.0,505018,5,5,5,0,2023-01-16,2023-01-30,5,14
48980.0,5406,2,2,2,0,2023-01-19,2023-03-06,2,46
48980.0,97403,2,2,2,0,2023-01-19,2023-03-06,2,46
48980.0,8740012,8,8,8,0,2023-01-19,2023-03-06,8,46
48996.0,233023,1,1,1,0,2022-12-26,2023-02-01,1,37
49004.0,1412402,4,4,4,0,2023-01-09,2023-01-10,4,1
49019.0,560012,4,0,4,0,2023-01-10,2023-01-25,4,15
49019.0,560012,1,1,1,0,2023-02-13,2023-02-24,1,11
49019.0,631078,6,0,6,0,2023-01-10,2023-01-25,6,15
49019.0,632035,6,6,6,0,2023-01-10,2023-01-25,6,15
49073.0,505018,2,2,2,0,2023-01-17,2023-02-22,2,36
49095.0,505018,4,4,4,0,2022-12-29,2023-01-24,4,26
49135.0,505018,2,2,2,0,2023-01-06,2023-01-26,2,20
49170.0,5406,3,3,2,0,2022-12-02,2023-01-20,2,49
49178.0,1551408,4,4,4,0,2023-01-19,2023-03-01,4,41
49256.0,504010,3,0,2,0,2023-01-16,2023-03-06,2,49
49256.0,504010,3,3,2,0,2023-01-16,2023-03-07,2,50
49256.0,504010,3,3,3,0,2023-03-06,2023-03-07,3,1
49256.0,505018,5,0,2,0,2023-01-16,2023-03-06,2,49
49256.0,505018,5,5,2,0,2023-01-16,2023-03-07,2,50
49256.0,505018,5,5,5,0,2023-03-06,2023-03-07,5,1
49324.0,2101020,1,0,1,0,2023-01-23,2023-02-24,1,32
49324.0,2101046,1,0,1,0,2023-01-23,2023-02-24,1,32
49403.0,51409,2,2,2,0,2023-01-24,2023-02-22,2,29
49403.0,57407,3,3,3,0,2023-01-24,2023-02-22,3,29
49403.0,9511404,2,2,2,0,2023-01-24,2023-02-22,2,29
49403.0,1AB2919,9,9,9,0,2023-01-24,2023-02-22,9,29
49449.0,5406,5,5,5,0,2023-02-16,2023-03-26,5,38
49449.0,504010,3,3,3,0,2023-02-16,2023-03-26,3,38
49449.0,505018,6,6,6,0,2023-02-16,2023-03-26,6,38
49485.0,505018,5,5,5,0,2023-01-23,2023-02-02,5,10
49485.0,1AA8985,1,1,1,0,2023-03-07,2023-03-09,1,2
49602.0,1AB6168,1,1,1,0,2023-01-27,2023-03-08,1,40
49605.0,5406,3,3,3,0,2023-02-06,2023-03-22,3,44
49605.0,1AB2919,4,4,4,0,2023-02-06,2023-03-22,4,44
49608.0,504010,3,3,1,0,2023-01-03,2023-02-01,1,29
49644.0,5406,6,0,3,0,2023-03-08,2023-03-28,3,20
49644.0,97403,10,0,5,0,2023-03-08,2023-03-28,5,20
49692.0,365016,1,1,1,0,2023-01-23,2023-03-08,1,44
49692.0,369026,1,1,1,0,2023-01-23,2023-03-08,1,44
49711.0,1679408,4,0,3,0,2022-12-23,2023-01-31,3,39
49711.0,1679408,4,4,3,0,2022-12-23,2023-01-31,3,39
49711.0,1679408,5,5,4,0,2023-01-31,2023-03-01,4,29
50101.0,309170,1,1,1,0,2023-02-10,2023-03-23,1,41
50136.0,394106,5,0,5,0,2023-01-17,2023-02-07,5,21
50178.0,48398,5,0,5,0,2023-01-27,2023-03-09,5,41
50200.0,6625331,2,2,2,0,2023-01-30,2023-02-02,2,3
50642.0,369018,1,1,1,0,2023-01-03,2023-02-13,1,41
50806.0,504010,1,1,1,0,2023-02-01,2023-03-20,1,47
50806.0,505018,2,2,2,0,2023-02-01,2023-03-20,2,47
51011.0,1AA9699,4,4,4,0,2022-12-14,2023-02-09,4,57
51042.0,388018,1,1,1,0,2023-02-09,2023-03-02,1,21
51048.0,1AB3456,4,4,4,0,2023-01-23,2023-02-06,4,14
51130.0,8720790,2,2,2,0,2023-01-11,2023-02-01,2,21
51143.0,1401405,6,6,6,0,2022-12-28,2023-01-09,6,12
51167.0,4907400,18,18,18,0,2023-01-09,2023-01-12,18,3
51167.0,4907400,20,20,18,0,2023-01-09,2023-01-27,18,18
51250.0,8720790,3,3,3,0,2023-01-16,2023-02-09,3,24
51311.0,504010,2,2,2,0,2023-02-03,2023-02-28,2,25
51311.0,505018,4,4,4,0,2023-02-03,2023-02-28,4,25
51333.0,24406,1,1,1,0,2023-01-11,2023-03-10,1,58
51333.0,62349,2,2,2,0,2023-01-11,2023-03-10,2,58
51333.0,91488,6,6,6,0,2023-01-11,2023-03-10,6,58
51333.0,4520400,1,1,1,0,2023-01-11,2023-03-10,1,58
51334.0,8720790,1,1,1,0,2023-01-11,2023-02-27,1,47
51357.0,505018,8,8,8,0,2022-12-28,2023-02-08,8,42
51631.0,373019,2,2,2,0,2023-02-01,2023-03-09,2,36
51631.0,374025,2,2,2,0,2023-02-01,2023-03-09,2,36
51631.0,8720790,2,2,2,0,2023-02-01,2023-03-09,2,36
51631.0,1AA0004,2,2,2,0,2023-02-01,2023-03-09,2,36
51761.0,505018,2,2,2,0,2023-01-04,2023-01-13,2,9
52140.0,14407,4,4,4,0,2023-02-26,2023-03-02,4,4
52140.0,24406,3,3,3,0,2023-02-26,2023-03-02,3,4
52140.0,97403,2,2,2,0,2023-02-26,2023-03-02,2,4
52140.0,374025,1,1,1,0,2023-02-26,2023-03-02,1,4
52140.0,5482401,2,2,2,0,2023-02-26,2023-03-02,2,4
52211.0,8740012,10,10,10,0,2023-01-16,2023-02-17,10,32
52220.0,364026,3,3,3,0,2023-01-03,2023-01-25,3,22
52220.0,8740012,3,3,3,0,2023-01-03,2023-01-25,3,22
52223.0,6968020,1,1,1,0,2023-02-03,2023-03-08,1,33
52223.0,1AB3449,1,0,1,0,2023-02-03,2023-03-20,1,45
52237.0,829012,2,2,1,0,2023-02-07,2023-02-13,1,6
52261.0,505018,4,4,4,0,2023-01-12,2023-02-08,4,27
52291.0,504010,2,2,2,0,2023-01-03,2023-01-25,2,22
52299.0,51409,2,0,1,0,2023-01-04,2023-02-06,1,33
52299.0,4608404,2,2,2,0,2023-01-04,2023-02-06,2,33
52299.0,5482401,8,0,5,0,2023-01-04,2023-02-03,5,30
52299.0,8720790,4,4,3,0,2023-02-03,2023-02-06,3,3
52351.0,5482401,16,0,1,0,2023-01-10,2023-02-27,1,48
52832.0,369018,1,1,1,0,2022-12-15,2023-01-03,1,19
52884.0,829012,1,1,1,0,2023-02-07,2023-02-24,1,17
52884.0,829012,2,2,1,0,2023-02-07,2023-03-29,1,50
52928.0,1AB1973,1,1,1,0,2023-02-23,2023-02-27,1,4
53089.0,173070,1,1,1,0,2022-12-07,2023-01-12,1,36
53146.0,8720790,4,4,4,0,2023-01-12,2023-01-25,4,13
53146.0,1AB2733,8,8,8,0,2023-01-12,2023-01-25,8,13
53264.0,6979407,4,0,4,0,2023-02-17,2023-03-01,4,12
53324.0,14407,2,2,2,0,2023-01-24,2023-02-06,2,13
53336.0,8720790,5,0,2,0,2023-02-08,2023-02-09,2,1
53361.0,373019,1,1,1,0,2022-12-19,2023-02-08,1,51
53361.0,8720790,4,4,4,0,2023-01-23,2023-02-14,4,22
53462.0,221010,2,2,2,0,2023-02-14,2023-02-17,2,3
53462.0,247016,2,2,2,0,2023-02-14,2023-02-17,2,3
53462.0,1AA9699,2,2,2,0,2023-02-14,2023-02-17,2,3
53575.0,372011,1,1,1,0,2023-02-17,2023-02-20,1,3
53785.0,24406,2,2,2,0,2023-01-29,2023-03-14,2,44
53785.0,51409,1,1,1,0,2023-01-29,2023-03-14,1,44
53785.0,1240407,2,2,2,0,2023-01-29,2023-03-14,2,44
53785.0,5482401,4,4,4,0,2023-01-29,2023-03-14,4,44
53785.0,8720790,2,2,2,0,2023-01-29,2023-03-14,2,44
53785.0,9511404,1,1,1,0,2023-01-29,2023-03-14,1,44
53785.0,1AB4571,6,0,6,0,2023-01-29,2023-03-14,6,44
53787.0,14407,6,0,6,0,2023-01-26,2023-02-20,6,25
53787.0,14407,6,6,6,0,2023-01-26,2023-02-20,6,25
53884.0,504010,1,0,1,0,2023-01-04,2023-01-05,1,1
53884.0,505018,1,1,1,0,2023-01-04,2023-01-05,1,1
53933.0,372011,1,1,1,0,2022-12-27,2023-02-03,1,38
54042.0,1AB2919,10,10,10,0,2022-12-27,2023-01-11,10,15
54135.0,2327022,1,1,1,0,2023-01-18,2023-03-07,1,48
54135.0,2327022,1,1,1,0,2023-01-18,2023-02-23,1,36
54135.0,2327022,1,1,1,0,2023-01-18,2023-03-13,1,54
54135.0,2327022,1,1,1,0,2023-01-18,2023-01-25,1,7
54135.0,5482013,1000,1000,1000,0,2023-01-18,2023-03-07,1000,48
54135.0,5482013,1000,1000,1000,0,2023-01-18,2023-02-23,1000,36
54135.0,5482013,1000,1000,1000,0,2023-01-18,2023-03-13,1000,54
54135.0,5482013,1000,1000,1000,0,2023-01-18,2023-01-25,1000,7
54135.0,6979407,2,0,2,0,2023-02-27,2023-03-07,2,8
54135.0,6981402,3,3,2,0,2023-03-07,2023-03-22,2,15
54135.0,6981402,3,0,2,0,2023-03-07,2023-03-13,2,6
54135.0,6981402,3,3,3,0,2023-03-13,2023-03-22,3,9
54135.0,8717714,1,1,1,0,2023-03-13,2023-03-22,1,9
54159.0,1105403,2,2,2,0,2023-01-30,2023-02-03,2,4
54159.0,1410406,5,5,4,0,2023-01-30,2023-02-03,4,4
54311.0,11403,2,2,2,0,2023-01-16,2023-01-19,2,3
54311.0,11403,2,2,2,0,2023-01-16,2023-03-14,2,57
54311.0,367012,2,2,2,0,2023-01-16,2023-01-19,2,3
54311.0,369026,3,3,3,0,2023-01-16,2023-01-19,3,3
54311.0,373019,2,2,2,0,2023-01-16,2023-01-19,2,3
54311.0,378019,2,2,2,0,2023-01-16,2023-01-19,2,3
54311.0,1AA0004,2,2,2,0,2023-01-16,2023-01-19,2,3
54532.0,504010,1,0,1,0,2023-01-03,2023-01-18,1,15
54595.0,2305135,3,3,3,0,2023-02-16,2023-02-22,3,6
54595.0,2305135,4,4,3,0,2023-02-16,2023-03-13,3,25
54595.0,5482401,10,0,10,0,2023-02-16,2023-02-22,10,6
54595.0,5482401,10,0,10,0,2023-02-16,2023-02-22,10,6
54595.0,5482401,10,10,10,0,2023-02-16,2023-02-28,10,12
54595.0,5482401,14,14,10,0,2023-02-16,2023-03-13,10,25
54595.0,5482401,10,10,10,0,2023-02-22,2023-02-28,10,6
54595.0,5482401,14,14,10,0,2023-02-22,2023-03-13,10,19
54595.0,5482401,10,10,10,0,2023-02-22,2023-02-28,10,6
54595.0,5482401,14,14,10,0,2023-02-22,2023-03-13,10,19
54753.0,613019,2,2,2,0,2023-01-05,2023-01-24,2,19
54753.0,799215,2,2,2,0,2023-01-05,2023-01-24,2,19
54799.0,14407,5,5,4,0,2023-01-19,2023-02-20,4,32
54875.0,518011,1,1,1,0,2022-11-02,2022-11-18,1,16
54947.0,60400,1,1,1,0,2023-01-13,2023-01-26,1,13
55006.0,1402403,8,8,8,0,2023-01-20,2023-01-25,8,5
55102.0,541012,1,1,1,0,2023-01-20,2023-01-30,1,10
55102.0,9039059,2,2,2,0,2023-01-20,2023-01-30,2,10
55125.0,313197,3,3,3,0,2023-01-19,2023-01-25,3,6
55125.0,313197,2,2,2,0,2023-01-25,2023-02-14,2,20
55216.0,504010,1,1,1,0,2023-02-26,2023-03-07,1,9
55216.0,505018,2,2,2,0,2023-02-26,2023-03-07,2,9
55221.0,6979407,1,1,1,0,2023-02-27,2023-03-01,1,2
55221.0,6979407,1,0,1,0,2023-02-16,2023-02-27,1,11
55221.0,6979407,1,1,1,0,2023-02-16,2023-03-01,1,13
55278.0,313197,1,1,1,0,2023-01-13,2023-02-01,1,19
55278.0,319096,1,1,1,0,2023-01-13,2023-02-01,1,19
55283.0,8720790,6,6,6,0,2023-02-06,2023-03-03,6,25
55422.0,92403,4,0,4,0,2023-01-23,2023-02-28,4,36
55422.0,2805101,12,12,12,0,2023-01-23,2023-02-28,12,36
55434.0,8720774,1,0,1,0,2023-01-09,2023-01-31,1,22
55434.0,8720774,1,1,1,0,2023-01-09,2023-01-31,1,22
55459.0,11403,4,4,2,0,2023-03-06,2023-03-07,2,1
55459.0,173062,1,0,1,0,2023-03-06,2023-03-07,1,1
55498.0,504010,2,2,2,0,2022-12-21,2023-02-12,2,53
55498.0,505018,4,4,4,0,2022-12-21,2023-02-12,4,53
55498.0,725012,1,1,1,0,2022-12-21,2023-02-12,1,53
55595.0,8720790,3,0,3,0,2023-03-02,2023-03-08,3,6
55602.0,521014,1,1,1,0,2023-01-10,2023-01-24,1,14
55613.0,5406,3,3,3,0,2023-01-18,2023-02-01,3,14
55613.0,6598405,3,3,3,0,2023-01-18,2023-02-01,3,14
55654.0,1AB2759,1,1,1,0,2022-12-08,2022-12-22,1,14
55901.0,549024,1,1,1,0,2023-02-06,2023-02-23,1,17
55917.0,8720790,5,5,5,0,2023-01-25,2023-02-08,5,14
56011.0,8720774,2,2,2,0,2023-02-24,2023-02-28,2,4
56021.0,505018,8,8,8,0,2023-01-23,2023-02-24,8,32
56071.0,8740012,5,5,4,0,2022-12-01,2023-01-24,4,54
56071.0,8740012,4,4,4,0,2022-12-01,2023-01-26,4,56
56071.0,8740012,5,0,4,0,2022-12-01,2023-01-11,4,41
56071.0,8740012,5,5,5,0,2023-01-11,2023-01-24,5,13
56093.0,9511404,4,4,4,0,2023-01-09,2023-01-25,4,16
56214.0,6979407,16,0,5,0,2023-02-23,2023-02-24,5,1
56233.0,2101046,9,9,9,0,2022-11-21,2023-01-04,9,44
56445.0,634049,4,4,4,0,2023-01-09,2023-01-27,4,18
56445.0,1105403,2,2,2,0,2023-01-09,2023-01-27,2,18
56454.0,504010,5,5,5,0,2023-02-06,2023-02-09,5,3
56454.0,505018,10,10,10,0,2023-02-06,2023-02-09,10,3
56454.0,571019,2,2,2,0,2023-02-06,2023-02-09,2,3
56454.0,829053,2,0,1,0,2023-02-06,2023-02-09,1,3
56501.0,45626,6,6,6,0,2023-02-07,2023-03-27,6,48
56599.0,14407,4,4,4,0,2022-12-27,2022-12-30,4,3
56773.0,4064408,1,1,1,0,2023-01-25,2023-02-20,1,26
56773.0,6598405,3,3,3,0,2023-01-25,2023-02-20,3,26
56773.0,1AB2919,4,4,2,0,2023-01-25,2023-02-20,2,26
56785.0,394106,2,0,2,0,2023-02-06,2023-03-06,2,28
56785.0,394106,2,0,2,0,2023-02-06,2023-03-06,2,28
56785.0,8720790,4,4,3,0,2023-02-06,2023-03-06,3,28
56788.0,2805127,23,23,23,0,2023-03-15,2023-03-22,23,7
56865.0,1628,1,1,1,0,2022-11-27,2023-01-18,1,52
56929.0,373019,2,2,2,0,2023-02-03,2023-02-28,2,25
56929.0,388018,2,2,2,0,2023-02-03,2023-02-28,2,25
57014.0,14407,2,2,2,0,2023-02-06,2023-02-10,2,4
57014.0,41400,2,2,2,0,2023-02-06,2023-02-10,2,4
57014.0,60400,1,0,1,0,2023-02-06,2023-02-10,1,4
57014.0,374025,1,0,1,0,2023-02-06,2023-02-10,1,4
57014.0,5482401,4,4,4,0,2023-02-06,2023-02-10,4,4
57019.0,4757409,6,0,6,0,2023-01-26,2023-02-14,6,19
57134.0,8720774,2,2,2,0,2022-12-28,2023-01-31,2,34
57215.0,5406,1,1,1,0,2023-03-03,2023-03-07,1,4
57215.0,7402,1,1,1,0,2023-03-03,2023-03-07,1,4
57215.0,24406,4,4,4,0,2023-03-03,2023-03-07,4,4
57215.0,97403,3,3,3,0,2023-03-03,2023-03-07,3,4
57215.0,367012,2,2,2,0,2023-03-03,2023-03-07,2,4
57215.0,369026,2,2,2,0,2023-03-03,2023-03-07,2,4
57215.0,4757409,5,0,5,0,2023-03-03,2023-03-07,5,4
57215.0,5482401,5,5,5,0,2023-03-03,2023-03-07,5,4
57215.0,1AA0004,2,2,2,0,2023-03-03,2023-03-07,2,4
57248.0,1105403,2,2,2,0,2023-01-16,2023-02-09,2,24
57257.0,4907400,40,40,40,0,2022-12-27,2023-02-16,40,51
57257.0,5307401,4,0,4,0,2022-12-27,2023-01-11,4,15
57257.0,5307401,4,0,4,0,2022-12-27,2023-01-11,4,15
57257.0,5307401,4,0,4,0,2022-12-27,2023-02-16,4,51
57257.0,5307401,4,0,4,0,2023-01-11,2023-02-16,4,36
57257.0,5307401,4,0,4,0,2023-01-11,2023-02-16,4,36
57487.0,7402,1,1,1,0,2023-01-03,2023-01-12,1,9
57487.0,62349,2,2,2,0,2023-01-03,2023-01-12,2,9
57487.0,97403,2,0,2,0,2023-01-03,2023-01-12,2,9
57487.0,1401405,4,0,4,0,2023-01-03,2023-01-12,4,9
57487.0,4064408,1,1,1,0,2023-01-03,2023-01-12,1,9
57487.0,5482401,8,8,8,0,2023-01-03,2023-01-12,8,9
57487.0,9511404,1,1,1,0,2023-01-03,2023-01-12,1,9
57493.0,5406,5,5,5,0,2023-02-21,2023-02-28,5,7
57493.0,5406,5,0,5,0,2023-02-21,2023-02-28,5,7
57493.0,11403,4,4,4,0,2023-02-28,2023-03-13,4,13
57493.0,11403,4,4,4,0,2023-02-28,2023-03-13,4,13
57493.0,11403,4,0,4,0,2023-02-21,2023-02-28,4,7
57493.0,11403,4,0,4,0,2023-02-21,2023-02-28,4,7
57493.0,11403,4,4,4,0,2023-02-21,2023-03-13,4,20
57493.0,11403,4,0,4,0,2023-02-21,2023-02-28,4,7
57493.0,11403,4,0,4,0,2023-02-21,2023-02-28,4,7
57493.0,11403,4,4,4,0,2023-02-21,2023-03-13,4,20
57493.0,24406,2,0,2,0,2023-02-21,2023-02-28,2,7
57493.0,24406,2,2,2,0,2023-02-21,2023-02-28,2,7
57493.0,51409,3,0,3,0,2023-02-21,2023-02-28,3,7
57493.0,91488,4,0,4,0,2023-02-21,2023-02-28,4,7
57493.0,313197,2,0,2,0,2023-02-21,2023-02-28,2,7
57493.0,315094,1,0,1,0,2023-02-21,2023-02-28,1,7
57493.0,315094,1,0,1,0,2023-02-21,2023-02-28,1,7
57493.0,369018,3,0,3,0,2023-02-21,2023-02-28,3,7
57493.0,388018,1,0,1,0,2023-02-21,2023-02-28,1,7
57493.0,388018,1,1,1,0,2023-02-21,2023-02-28,1,7
57493.0,4226404,2,0,2,0,2023-02-21,2023-02-28,2,7
57493.0,4226404,2,2,2,0,2023-02-21,2023-02-28,2,7
57493.0,5482401,4,0,4,0,2023-02-21,2023-02-28,4,7
57493.0,6968020,3,0,3,0,2023-02-21,2023-02-28,3,7
57493.0,6968020,3,3,3,0,2023-02-21,2023-02-28,3,7
57493.0,8720774,2,0,2,0,2023-02-21,2023-02-28,2,7
57493.0,8720774,2,2,2,0,2023-02-21,2023-02-28,2,7
57493.0,8720790,4,0,4,0,2023-02-21,2023-02-28,4,7
57493.0,8720790,4,4,4,0,2023-02-21,2023-02-28,4,7
57493.0,9511404,2,0,2,0,2023-02-21,2023-02-28,2,7
57493.0,9511404,3,3,2,0,2023-02-21,2023-02-28,2,7
57493.0,1AA0004,3,3,3,0,2023-02-21,2023-02-28,3,7
57493.0,1AA0004,3,0,3,0,2023-02-21,2023-02-28,3,7
57562.0,24406,2,2,2,0,2023-02-07,2023-03-06,2,27
57567.0,6598405,2,2,2,0,2023-01-18,2023-03-16,2,57
57567.0,6598405,2,0,2,0,2023-01-18,2023-02-23,2,36
57567.0,6598405,2,0,2,0,2023-01-18,2023-02-23,2,36
57567.0,6598405,2,2,2,0,2023-02-23,2023-03-16,2,21
57567.0,6598405,2,2,2,0,2023-02-23,2023-03-16,2,21
57567.0,1AB2735,2,0,2,0,2023-01-18,2023-03-16,2,57
57567.0,1AB2735,2,0,2,0,2023-01-18,2023-02-23,2,36
57567.0,1AB2735,2,0,2,0,2023-01-18,2023-02-23,2,36
57567.0,1AB2735,2,0,2,0,2023-02-23,2023-03-16,2,21
57567.0,1AB2735,2,0,2,0,2023-02-23,2023-03-16,2,21
57585.0,1105403,4,0,4,0,2023-01-30,2023-03-14,4,43
57594.0,1AA9008,1,1,1,0,2023-02-03,2023-03-01,1,26
57643.0,8720790,2,2,2,0,2023-01-16,2023-02-17,2,32
57696.0,1AA8981,1,1,1,0,2023-01-06,2023-01-09,1,3
57773.0,14407,6,6,6,0,2023-01-04,2023-02-06,6,33
57954.0,1628,1,1,1,0,2023-03-02,2023-03-17,1,15
57954.0,7402,1,1,1,0,2023-03-02,2023-03-17,1,15
57954.0,11403,1,1,1,0,2023-03-02,2023-03-17,1,15
57954.0,91488,20,20,20,0,2023-03-02,2023-03-17,20,15
57954.0,97403,2,2,2,0,2023-03-02,2023-03-17,2,15
57954.0,233023,2,2,2,0,2023-03-02,2023-03-17,2,15
57954.0,387036,2,2,2,0,2023-03-02,2023-03-17,2,15
57954.0,4226404,3,3,3,0,2023-03-02,2023-03-17,3,15
57954.0,6598405,4,4,4,0,2023-03-02,2023-03-17,4,15
57954.0,1AA0003,1,1,1,0,2023-03-02,2023-03-17,1,15
57955.0,225012,1,1,1,0,2022-12-30,2023-01-06,1,7
58015.0,574013,1,1,1,0,2023-02-21,2023-03-16,1,23
58061.0,725012,1,1,1,0,2023-01-05,2023-02-22,1,48
58085.0,4139409,13,13,13,0,2023-02-09,2023-02-15,13,6
58099.0,367012,2,2,2,0,2023-02-28,2023-03-03,2,3
58179.0,1105403,10,10,4,0,2023-02-08,2023-02-09,4,1
58300.0,546012,1,1,1,0,2023-01-15,2023-01-17,1,2
58300.0,547010,1,1,1,0,2023-01-15,2023-01-17,1,2
58300.0,548026,1,1,1,0,2023-01-15,2023-01-17,1,2
58300.0,549024,1,1,1,0,2023-01-15,2023-01-17,1,2
58300.0,9037053,2,2,2,0,2023-01-15,2023-02-08,2,24
58300.0,9097016,2,2,2,0,2023-01-15,2023-01-17,2,2
58300.0,9098014,2,2,2,0,2023-01-15,2023-01-17,2,2
58397.0,504010,1,1,1,0,2023-02-27,2023-03-17,1,18
58459.0,5406,4,4,4,0,2023-01-10,2023-01-11,4,1
58536.0,364018,1,1,1,0,2022-12-12,2023-02-01,1,51
58536.0,9511404,3,3,3,0,2022-12-02,2023-01-27,3,56
58742.0,504010,3,3,3,0,2023-02-03,2023-03-01,3,26
58742.0,505018,9,9,9,0,2023-02-03,2023-03-01,9,26
58790.0,504010,6,6,6,0,2023-03-16,2023-03-20,6,4
58986.0,6598405,3,3,3,0,2023-02-15,2023-03-16,3,29
59033.0,1AB2919,4,4,4,0,2023-01-18,2023-01-27,4,9
59068.0,367012,3,3,3,0,2023-01-18,2023-01-19,3,1
59068.0,378019,2,2,2,0,2023-01-18,2023-01-19,2,1
59068.0,387028,3,3,3,0,2023-01-18,2023-01-19,3,1
59068.0,5482401,8,8,8,0,2023-01-18,2023-01-19,8,1
59068.0,6598405,7,7,7,0,2023-01-18,2023-01-19,7,1
59068.0,6623400,2,2,2,0,2023-01-18,2023-01-19,2,1
59068.0,1AA0004,3,3,3,0,2023-01-18,2023-01-19,3,1
59111.0,1628,3,3,3,0,2023-02-07,2023-02-09,3,2
59111.0,5406,3,3,3,0,2023-02-07,2023-02-09,3,2
59111.0,45626,2,2,2,0,2023-02-07,2023-02-09,2,2
59111.0,1AB2735,3,3,3,0,2023-02-07,2023-02-09,3,2
59127.0,8400,10,10,4,0,2023-01-16,2023-03-08,4,51
59127.0,8400,10,10,4,0,2023-01-16,2023-03-08,4,51
59128.0,5482401,8,8,2,0,2023-02-03,2023-03-08,2,33
59128.0,5483409,6,6,2,0,2023-03-08,2023-03-13,2,5
59198.0,8717714,1,1,1,0,2023-01-31,2023-02-15,1,15
59279.0,8720790,3,3,3,0,2023-01-24,2023-02-22,3,29
59339.0,504010,1,1,1,0,2023-01-24,2023-02-10,1,17
59365.0,91488,12,12,12,0,2023-01-12,2023-01-24,12,12
59365.0,97403,6,6,6,0,2023-01-12,2023-01-24,6,12
59365.0,365016,8,8,8,0,2023-01-12,2023-01-24,8,12
59365.0,367012,10,10,10,0,2023-01-12,2023-01-24,10,12
59365.0,374025,2,2,2,0,2023-01-12,2023-01-24,2,12
59365.0,378019,3,3,3,0,2023-01-12,2023-01-24,3,12
59365.0,388018,6,6,6,0,2023-01-12,2023-01-24,6,12
59366.0,97403,2,2,2,0,2023-01-29,2023-03-24,2,54
59482.0,1AB5909,1,0,1,0,2023-02-14,2023-03-08,1,22
59518.0,129503,1,0,1,0,2022-12-15,2023-01-05,1,21
59518.0,526014,1,1,1,0,2022-12-15,2023-01-05,1,21
59518.0,700014,1,1,1,0,2022-12-15,2023-01-05,1,21
59518.0,701012,1,1,1,0,2022-12-15,2023-01-05,1,21
59518.0,702010,1,1,1,0,2022-12-15,2023-01-05,1,21
59574.0,4226404,5,5,4,0,2023-01-11,2023-01-16,4,5
59613.0,394106,1,0,1,0,2022-12-26,2023-01-30,1,35
59613.0,394106,1,1,1,0,2022-12-26,2023-02-15,1,51
59613.0,394106,1,1,1,0,2023-01-30,2023-02-15,1,16
59613.0,1412402,4,4,4,0,2022-12-26,2023-01-30,4,35
59613.0,4757409,6,0,4,0,2022-12-26,2023-01-30,4,35
59613.0,6968038,2,2,2,0,2022-12-26,2023-01-30,2,35
59613.0,1AB2733,1,1,1,0,2022-12-26,2023-01-30,1,35
59613.0,1AB5909,1,1,1,0,2022-12-26,2023-01-30,1,35
59616.0,5307401,8,0,8,0,2022-12-07,2023-01-11,8,35
59616.0,5307401,8,0,8,0,2022-12-07,2023-01-20,8,44
59616.0,5307401,8,0,8,0,2022-12-07,2023-01-27,8,51
59616.0,5307401,8,0,8,0,2022-12-07,2023-01-20,8,44
59616.0,5307401,8,0,8,0,2023-01-11,2023-01-20,8,9
59616.0,5307401,8,0,8,0,2023-01-11,2023-02-17,8,37
59616.0,5307401,8,0,8,0,2023-01-11,2023-01-27,8,16
59616.0,5307401,8,0,8,0,2023-01-11,2023-01-20,8,9
59616.0,5307401,8,0,8,0,2023-01-20,2023-02-17,8,28
59616.0,5307401,8,0,8,0,2023-01-20,2023-01-27,8,7
59616.0,5307401,8,0,8,0,2023-01-27,2023-02-17,8,21
59616.0,5307401,8,0,4,0,2023-01-11,2023-01-20,4,9
59616.0,5307401,8,0,4,0,2023-01-11,2023-02-17,4,37
59616.0,5307401,8,0,4,0,2023-01-11,2023-01-27,4,16
59616.0,5307401,8,0,4,0,2023-01-11,2023-01-20,4,9
59616.0,5307401,8,0,8,0,2023-01-20,2023-02-17,8,28
59616.0,5307401,8,0,8,0,2023-01-20,2023-01-27,8,7
59616.0,6623400,6,6,6,0,2022-12-07,2023-01-20,6,44
59616.0,6623400,6,6,6,0,2022-12-07,2023-01-11,6,35
59671.0,4907400,60,0,8,0,2022-12-13,2022-12-29,8,16
59698.0,504010,4,4,4,0,2022-12-29,2023-01-03,4,5
59698.0,505018,2,0,2,0,2022-12-29,2023-01-03,2,5
59737.0,546053,1,1,1,0,2023-02-23,2023-03-01,1,6
59737.0,547051,1,1,1,0,2023-02-23,2023-03-01,1,6
59737.0,783010,1,1,1,0,2023-02-23,2023-03-01,1,6
59737.0,787012,1,1,1,0,2023-02-23,2023-03-01,1,6
59737.0,1412402,3,0,3,0,2023-02-23,2023-03-01,3,6
59747.0,387028,1,1,1,0,2023-01-20,2023-02-09,1,20
59747.0,6598405,3,3,3,0,2023-01-20,2023-02-09,3,20
59747.0,6979407,2,2,2,0,2023-01-20,2023-02-09,2,20
59759.0,504010,1,1,1,0,2023-02-22,2023-02-23,1,1
59759.0,505018,3,3,3,0,2023-02-22,2023-02-23,3,1
59788.0,957995,1,1,1,0,2023-01-23,2023-02-01,1,9
60061.0,548026,2,2,2,0,2022-12-23,2023-01-30,2,38
60061.0,549024,2,2,2,0,2022-12-23,2023-01-30,2,38
60061.0,616013,2,2,2,0,2022-12-23,2023-01-30,2,38
60061.0,618019,1,1,1,0,2022-12-23,2023-01-30,1,38
60098.0,725012,2,2,2,0,2022-12-22,2023-01-12,2,21
60101.0,1402403,10,10,4,0,2023-01-13,2023-02-06,4,24
60158.0,41400,2,2,2,0,2022-12-27,2023-01-23,2,27
60215.0,1AB2733,1,1,1,0,2022-11-15,2023-01-05,1,51
60258.0,8720790,4,0,3,0,2023-01-12,2023-02-21,3,40
60378.0,3157139,3,0,3,0,2023-02-22,2023-03-07,3,13
60378.0,6968038,2,2,2,0,2023-02-22,2023-03-07,2,13
60576.0,504010,2,2,2,0,2023-03-01,2023-03-15,2,14
60576.0,504010,2,2,2,0,2023-03-01,2023-03-15,2,14
60736.0,58405,3,3,3,0,2023-02-01,2023-02-20,3,19
60736.0,60400,1,0,1,0,2023-02-01,2023-02-20,1,19
60736.0,97403,1,1,1,0,2023-02-01,2023-02-20,1,19
60736.0,6598405,2,2,2,0,2023-02-01,2023-02-20,2,19
60736.0,9511404,1,1,1,0,2023-02-01,2023-02-20,1,19
60816.0,504010,3,3,3,0,2022-12-23,2023-01-10,3,18
60816.0,505018,5,5,5,0,2022-12-23,2023-01-10,5,18
60870.0,1AB2919,5,5,5,0,2023-01-09,2023-01-16,5,7
60871.0,374025,2,2,2,0,2023-01-13,2023-02-17,2,35
60871.0,6598405,8,8,8,0,2023-01-13,2023-02-17,8,35
60871.0,8720790,4,4,4,0,2023-01-13,2023-02-17,4,35
61209.0,639023,5,0,5,0,2023-01-25,2023-02-03,5,9
61209.0,7411010,1,1,1,0,2023-01-03,2023-02-27,1,55
61209.0,1AB3457,2,2,2,0,2023-01-25,2023-02-03,2,9
61212.0,200491,1,1,1,0,2023-01-25,2023-02-09,1,15
61212.0,200492,1,1,1,0,2023-01-25,2023-02-09,1,15
61212.0,9804015,1,1,1,0,2023-01-25,2023-02-09,1,15
61212.0,9897010,1,1,1,0,2023-01-25,2023-02-09,1,15
61260.0,631060,4,0,4,0,2023-02-05,2023-02-17,4,12
61260.0,685059,5,5,4,0,2023-02-05,2023-02-17,4,12
61260.0,688053,30,0,4,0,2023-02-05,2023-02-17,4,12
61341.0,5963336,12,12,12,0,2023-02-09,2023-03-13,12,32
61341.0,5963336,12,12,12,0,2023-02-09,2023-02-16,12,7
61426.0,725012,1,0,1,0,2023-03-10,2023-03-28,1,18
61426.0,799207,1,1,1,0,2023-03-10,2023-03-28,1,18
61426.0,9002072,1,0,1,0,2023-03-10,2023-03-28,1,18
61429.0,504010,1,1,1,0,2023-01-10,2023-01-11,1,1
61429.0,505018,2,2,2,0,2023-01-10,2023-01-11,2,1
61429.0,1412402,10,10,10,0,2023-01-10,2023-01-11,10,1
61705.0,5483409,2,2,2,0,2022-12-07,2022-12-16,2,9
61747.0,91488,4,4,4,0,2023-01-03,2023-01-10,4,7
61747.0,91488,6,6,4,0,2023-01-03,2023-01-23,4,20
61747.0,91488,6,6,4,0,2023-01-03,2023-02-23,4,51
61747.0,225012,2,2,2,0,2023-01-03,2023-01-10,2,7
61747.0,4907400,6,6,4,0,2023-01-03,2023-01-23,4,20
61747.0,4907400,6,6,4,0,2023-01-03,2023-02-23,4,51
61747.0,5307401,2,0,1,0,2023-02-03,2023-02-24,1,21
61747.0,5307401,2,0,1,0,2023-02-03,2023-02-23,1,20
61747.0,5307401,2,0,1,0,2023-02-03,2023-03-22,1,47
61747.0,5307401,2,0,2,0,2023-02-24,2023-03-22,2,26
61747.0,5307401,1,0,1,0,2023-01-23,2023-02-03,1,11
61747.0,5307401,2,0,1,0,2023-01-23,2023-02-24,1,32
61747.0,5307401,2,0,1,0,2023-01-23,2023-02-23,1,31
61747.0,5307401,2,0,1,0,2023-01-23,2023-03-22,1,58
61747.0,5307401,2,0,2,0,2023-02-23,2023-02-24,2,1
61747.0,5307401,2,0,2,0,2023-02-23,2023-03-22,2,27
61747.0,5482401,14,14,14,0,2023-01-03,2023-01-10,14,7
61747.0,5482401,16,16,14,0,2023-01-03,2023-01-23,14,20
61747.0,5482401,14,14,14,0,2023-01-03,2023-02-23,14,51
61747.0,6623400,5,5,5,0,2023-01-03,2023-01-10,5,7
61747.0,6623400,8,8,5,0,2023-01-03,2023-01-23,5,20
61805.0,571019,1,1,1,0,2023-02-01,2023-02-13,1,12
61981.0,505018,3,3,2,0,2023-01-05,2023-01-23,2,18
61981.0,725012,1,1,1,0,2023-01-05,2023-01-23,1,18
62104.0,394106,1,1,1,0,2023-01-04,2023-02-28,1,55
62198.0,8720774,3,3,3,0,2022-12-06,2023-01-10,3,35
62202.0,5406,2,2,2,0,2023-01-13,2023-01-17,2,4
62202.0,570094,1,1,1,0,2023-01-13,2023-01-17,1,4
62202.0,725012,1,1,1,0,2023-01-13,2023-01-17,1,4
62202.0,1105403,5,0,5,0,2023-01-13,2023-01-17,5,4
62202.0,2805101,8,0,8,0,2023-01-13,2023-01-17,8,4
62202.0,4520400,3,3,3,0,2023-01-13,2023-01-17,3,4
62202.0,6598405,2,2,2,0,2023-01-13,2023-01-17,2,4
62202.0,1AB5909,4,0,4,0,2023-01-13,2023-01-17,4,4
62238.0,1628,1,1,1,0,2023-02-20,2023-03-16,1,24
62424.0,8720790,6,6,6,0,2023-01-10,2023-01-17,6,7
62480.0,51409,2,2,2,0,2023-01-15,2023-01-30,2,15
62480.0,9511404,2,2,2,0,2023-01-15,2023-01-30,2,15
62532.0,1402403,4,4,3,0,2023-01-12,2023-02-13,3,32
62547.0,373019,2,2,2,0,2023-01-10,2023-02-02,2,23
62547.0,374025,1,1,1,0,2023-01-10,2023-02-02,1,23
62656.0,129503,1,1,1,0,2023-01-23,2023-02-09,1,17
62656.0,129511,1,1,1,0,2023-01-23,2023-02-09,1,17
62656.0,787012,3,3,3,0,2023-02-05,2023-02-09,3,4
62659.0,5406,6,6,6,0,2023-02-15,2023-03-01,6,14
62659.0,7402,1,1,1,0,2023-02-15,2023-03-01,1,14
62659.0,24406,4,4,4,0,2023-02-15,2023-03-01,4,14
62659.0,97403,20,20,20,0,2023-02-15,2023-03-01,20,14
62659.0,5482401,4,4,4,0,2023-02-15,2023-03-01,4,14
62690.0,129503,2,2,2,0,2023-02-06,2023-02-24,2,18
62692.0,546012,1,0,1,0,2023-02-01,2023-02-28,1,27
62692.0,547010,1,1,1,0,2023-02-01,2023-02-28,1,27
62711.0,24406,4,4,3,0,2023-02-07,2023-03-14,3,35
62711.0,45626,4,4,4,0,2023-02-07,2023-03-14,4,35
62711.0,62349,4,4,3,0,2023-02-07,2023-03-14,3,35
62711.0,4608404,10,10,5,0,2023-02-07,2023-03-14,5,35
62711.0,6598405,6,6,3,0,2023-02-07,2023-03-14,3,35
62711.0,8720790,3,0,3,0,2023-02-07,2023-03-14,3,35
62711.0,8720790,3,3,3,0,2023-02-07,2023-03-14,3,35
62711.0,1AB2190,1,1,1,0,2023-02-07,2023-03-14,1,35
62909.0,97403,2,2,2,0,2023-01-12,2023-02-02,2,21
62909.0,5482401,3,3,3,0,2023-01-12,2023-02-02,3,21
62939.0,1AB3456,4,4,4,0,2023-01-24,2023-02-20,4,27
62939.0,1AB3457,3,3,3,0,2023-01-24,2023-02-20,3,27
63004.0,504010,2,2,2,0,2023-01-25,2023-02-26,2,32
63102.0,8720774,6,6,6,0,2023-01-06,2023-01-26,6,20
63175.0,7402,2,2,2,0,2023-02-24,2023-03-07,2,11
63175.0,62349,2,2,2,0,2023-02-24,2023-03-07,2,11
63175.0,1401405,4,0,4,0,2023-02-24,2023-03-07,4,11
63175.0,6598405,3,3,3,0,2023-02-24,2023-03-07,3,11
63204.0,373019,2,2,2,0,2023-02-02,2023-02-16,2,14
63204.0,388018,2,2,2,0,2023-02-02,2023-02-16,2,14
63275.0,8128770,1,0,1,0,2022-12-19,2023-01-30,1,42
63275.0,1AB3456,6,6,6,0,2022-12-19,2023-01-30,6,42
63291.0,51409,2,2,1,0,2023-01-03,2023-02-28,1,56
63291.0,367012,1,1,1,0,2023-01-03,2023-02-28,1,56
63304.0,62349,2,2,1,0,2023-01-25,2023-03-13,1,47
63352.0,1AB2190,2,0,2,0,2023-01-04,2023-02-13,2,40
63358.0,504010,2,2,2,0,2023-01-08,2023-01-13,2,5
63358.0,505018,4,4,4,0,2023-01-08,2023-01-13,4,5
63358.0,725012,1,1,1,0,2023-01-08,2023-01-13,1,5
63359.0,2305135,10,10,10,0,2022-12-28,2023-01-06,10,9
63359.0,5307401,6,0,6,0,2022-12-28,2023-01-06,6,9
63359.0,5307401,6,0,6,0,2022-12-28,2023-01-20,6,23
63359.0,5307401,6,0,6,0,2022-12-28,2023-01-26,6,29
63359.0,5307401,6,0,6,0,2022-12-28,2023-02-06,6,40
63359.0,5307401,6,0,6,0,2023-01-06,2023-01-20,6,14
63359.0,5307401,6,0,6,0,2023-01-06,2023-01-26,6,20
63359.0,5307401,6,0,6,0,2023-01-06,2023-02-06,6,31
63359.0,5307401,6,0,6,0,2023-01-20,2023-01-26,6,6
63359.0,5307401,6,0,6,0,2023-01-20,2023-02-06,6,17
63359.0,5307401,6,0,6,0,2023-01-26,2023-02-06,6,11
63359.0,5307401,6,0,2,0,2023-01-27,2023-02-06,2,10
63414.0,1AB2190,1,1,1,0,2022-11-22,2023-01-11,1,50
63532.0,62349,4,4,4,0,2023-01-31,2023-02-03,4,3
63554.0,247016,3,0,3,0,2023-01-18,2023-01-19,3,1
63554.0,6598405,3,3,3,0,2023-01-18,2023-01-19,3,1
63554.0,1AA9699,1,0,1,0,2023-01-18,2023-01-19,1,1
63642.0,504010,1,1,1,0,2022-12-09,2023-01-06,1,28
63642.0,505018,3,3,3,0,2022-12-09,2023-01-06,3,28
63747.0,1105403,5,5,5,0,2023-02-08,2023-02-23,5,15
63747.0,1AA0004,4,4,4,0,2023-02-08,2023-02-23,4,15
63756.0,24406,2,2,2,0,2023-03-08,2023-03-09,2,1
63756.0,89400,1,1,1,0,2023-03-08,2023-03-09,1,1
63756.0,97403,4,4,4,0,2023-03-08,2023-03-09,4,1
63756.0,221010,1,0,1,0,2023-03-08,2023-03-09,1,1
63756.0,221010,1,1,1,0,2023-03-08,2023-03-09,1,1
63756.0,224014,1,0,1,0,2023-03-08,2023-03-09,1,1
63756.0,224014,1,1,1,0,2023-03-08,2023-03-09,1,1
63756.0,225012,1,0,1,0,2023-03-08,2023-03-09,1,1
63756.0,225012,1,1,1,0,2023-03-08,2023-03-09,1,1
63756.0,233023,1,0,1,0,2023-03-08,2023-03-09,1,1
63756.0,233023,1,1,1,0,2023-03-08,2023-03-09,1,1
63756.0,365016,2,0,2,0,2023-03-08,2023-03-09,2,1
63756.0,365016,2,2,2,0,2023-03-08,2023-03-09,2,1
63756.0,367012,1,1,1,0,2023-03-08,2023-03-09,1,1
63756.0,373019,2,2,2,0,2023-03-08,2023-03-09,2,1
63756.0,374025,1,1,1,0,2023-03-08,2023-03-09,1,1
63756.0,378019,1,1,1,0,2023-03-08,2023-03-09,1,1
63756.0,388018,1,0,1,0,2023-03-08,2023-03-09,1,1
63756.0,388018,1,1,1,0,2023-03-08,2023-03-09,1,1
63756.0,417015,1,0,1,0,2023-03-08,2023-03-09,1,1
63756.0,417015,1,1,1,0,2023-03-08,2023-03-09,1,1
63756.0,4064408,1,1,1,0,2023-03-08,2023-03-09,1,1
63756.0,4226404,2,2,2,0,2023-03-08,2023-03-09,2,1
63756.0,4520400,1,1,1,0,2023-03-08,2023-03-09,1,1
63756.0,5483409,1,1,1,0,2023-03-08,2023-03-09,1,1
63756.0,8717714,1,0,1,0,2023-03-08,2023-03-09,1,1
63756.0,9511404,1,1,1,0,2023-03-08,2023-03-09,1,1
63898.0,1676404,10,0,6,0,2023-03-07,2023-03-30,6,23
63898.0,1676404,8,8,6,0,2023-03-07,2023-03-16,6,9
63898.0,5307401,16,0,4,0,2022-12-01,2022-12-14,4,13
63898.0,5307401,16,0,4,0,2022-12-01,2023-01-11,4,41
63898.0,5307401,14,0,4,0,2022-12-01,2023-01-27,4,57
63898.0,5307401,16,0,16,0,2022-12-14,2023-01-11,16,28
63908.0,5307401,1,0,1,0,2023-01-24,2023-01-27,1,3
63912.0,5307401,2,0,2,0,2022-12-07,2023-01-31,2,55
63912.0,5307401,2,2,2,0,2023-01-31,2023-02-15,2,15
63912.0,8720774,3,3,3,0,2022-12-07,2023-01-31,3,55
63930.0,725012,2,2,1,0,2023-01-09,2023-01-10,1,1
63949.0,571019,2,2,2,0,2023-01-30,2023-02-07,2,8
63956.0,367012,1,1,1,0,2023-02-09,2023-03-14,1,33
64104.0,8111742,1,1,1,0,2022-11-16,2022-11-21,1,5
64197.0,882085,1,1,1,0,2023-01-18,2023-03-06,1,47
64211.0,24406,2,2,1,0,2023-01-11,2023-03-06,1,54
64211.0,8720790,2,2,2,0,2023-01-11,2023-03-06,2,54
64384.0,97403,2,2,2,0,2023-02-09,2023-02-11,2,2
64384.0,1AA0004,2,2,2,0,2023-02-09,2023-02-11,2,2
64407.0,24406,4,4,4,0,2023-02-15,2023-02-20,4,5
64407.0,62349,2,2,2,0,2023-02-15,2023-02-20,2,5
64407.0,5482401,4,4,4,0,2023-02-15,2023-02-20,4,5
64407.0,8720790,5,5,5,0,2023-02-15,2023-02-20,5,5
64412.0,373019,2,2,2,0,2023-02-21,2023-02-27,2,6
64509.0,315094,2,2,1,0,2023-01-04,2023-01-09,1,5
64509.0,364018,1,1,1,0,2023-01-04,2023-01-09,1,5
64509.0,367012,2,2,2,0,2023-01-04,2023-01-09,2,5
64509.0,367012,2,2,2,0,2023-01-04,2023-01-09,2,5
64509.0,6598405,8,8,8,0,2023-01-04,2023-01-09,8,5
64618.0,8740012,8,8,8,0,2023-02-02,2023-02-22,8,20
64618.0,8740012,10,10,8,0,2023-02-02,2023-02-27,8,25
64794.0,658031,1,1,1,0,2023-01-06,2023-01-26,1,20
64794.0,700014,1,1,1,0,2023-01-06,2023-01-26,1,20
64989.0,6979407,2,2,2,0,2023-01-26,2023-02-09,2,14
65112.0,62349,2,2,1,0,2023-01-24,2023-01-31,1,7
65112.0,62349,2,2,1,0,2023-01-24,2023-01-31,1,7
65170.0,367012,3,0,2,0,2023-01-18,2023-03-05,2,46
65170.0,367012,3,3,2,0,2023-01-18,2023-03-05,2,46
65170.0,8720790,3,0,3,0,2023-01-18,2023-03-05,3,46
65170.0,8720790,3,3,3,0,2023-01-18,2023-03-05,3,46
65193.0,1AA0004,2,2,2,0,2023-01-25,2023-02-02,2,8
65195.0,571019,4,0,3,0,2022-11-25,2023-01-11,3,47
65204.0,571019,1,1,1,0,2023-02-16,2023-03-03,1,15
65208.0,373019,2,2,2,0,2023-02-14,2023-02-20,2,6
65213.0,16403,3,3,3,0,2023-02-02,2023-02-28,3,26
65213.0,173062,1,1,1,0,2023-02-02,2023-02-28,1,26
65213.0,247016,3,3,3,0,2023-02-02,2023-02-28,3,26
65213.0,6968020,1,1,1,0,2023-02-02,2023-02-28,1,26
65213.0,6968038,1,1,1,0,2023-02-02,2023-02-28,1,26
65213.0,1AB2919,2,2,2,0,2023-02-28,2023-03-07,2,7
65213.0,1AB3459,2,2,2,0,2023-02-02,2023-03-07,2,33
65213.0,1AB3459,2,0,2,0,2023-02-02,2023-02-28,2,26
65213.0,1AB3459,2,2,2,0,2023-02-28,2023-03-07,2,7
65213.0,1AB3465,1,1,1,0,2023-02-02,2023-03-07,1,33
65213.0,1AB3465,1,0,1,0,2023-02-02,2023-02-28,1,26
65213.0,1AB3465,1,1,1,0,2023-02-28,2023-03-07,1,7
65213.0,1AB6127,3,0,3,0,2023-02-02,2023-03-07,3,33
65213.0,1AB6127,3,0,3,0,2023-02-02,2023-02-28,3,26
65213.0,1AB6127,3,0,3,0,2023-02-28,2023-03-07,3,7
65213.0,1AB6128,1,1,1,0,2023-02-02,2023-03-07,1,33
65213.0,1AB6128,1,0,1,0,2023-02-02,2023-02-28,1,26
65213.0,1AB6128,1,1,1,0,2023-02-28,2023-03-07,1,7
65248.0,107012,1,1,1,0,2022-12-08,2022-12-22,1,14
65297.0,91488,3,3,3,0,2023-01-09,2023-01-16,3,7
65297.0,97403,6,6,6,0,2023-01-09,2023-01-16,6,7
65297.0,5483409,4,4,4,0,2023-01-09,2023-01-16,4,7
65374.0,8720774,1,1,1,0,2023-01-12,2023-01-25,1,13
65390.0,129503,2,0,2,0,2023-02-21,2023-02-22,2,1
65390.0,129529,1,0,1,0,2023-02-21,2023-02-22,1,1
65390.0,365016,4,4,4,0,2023-02-21,2023-03-02,4,9
65390.0,373019,2,2,2,0,2023-02-21,2023-03-02,2,9
65390.0,388018,4,4,4,0,2023-02-21,2023-03-02,4,9
65390.0,584012,1,1,1,0,2023-02-21,2023-02-22,1,1
65390.0,631060,3,3,3,0,2023-02-21,2023-02-22,3,1
65390.0,698029,1,1,1,0,2023-02-21,2023-02-22,1,1
65390.0,699027,1,1,1,0,2023-02-21,2023-02-22,1,1
65390.0,700014,1,1,1,0,2023-02-21,2023-02-22,1,1
65390.0,704024,1,0,1,0,2023-02-21,2023-02-22,1,1
65390.0,716011,1,1,1,0,2023-02-21,2023-02-22,1,1
65390.0,717019,1,1,1,0,2023-02-21,2023-02-22,1,1
65390.0,994054,1,0,1,0,2023-02-21,2023-02-22,1,1
65390.0,995128,1,1,1,0,2023-02-21,2023-02-22,1,1
65390.0,9039059,1,1,1,0,2023-02-21,2023-02-22,1,1
65390.0,9076051,2,0,2,0,2023-02-22,2023-03-02,2,8
65398.0,1105403,5,5,5,0,2022-11-30,2022-12-07,5,7
65398.0,1402403,4,4,4,0,2022-11-30,2022-12-07,4,7
65411.0,367012,1,1,1,0,2023-01-10,2023-03-08,1,57
65411.0,378019,1,1,1,0,2023-01-10,2023-03-08,1,57
65411.0,387028,1,1,1,0,2023-01-10,2023-03-08,1,57
65411.0,1AA0004,1,1,1,0,2023-01-10,2023-03-08,1,57
65413.0,129511,1,1,1,0,2022-11-21,2023-01-10,1,50
65413.0,658031,1,1,1,0,2022-11-21,2023-01-10,1,50
65413.0,882077,1,0,1,0,2022-11-21,2023-01-10,1,50
65461.0,388018,1,1,1,0,2023-01-09,2023-01-12,1,3
65461.0,6179403,4,4,4,0,2023-01-09,2023-01-12,4,3
65461.0,6179403,1,1,1,0,2023-01-12,2023-02-21,1,40
65461.0,6179403,1,1,1,0,2023-01-12,2023-02-21,1,40
65464.0,388018,1,1,1,0,2022-12-29,2023-01-16,1,18
65514.0,614017,1,1,1,0,2023-01-03,2023-01-04,1,1
65518.0,129503,1,1,1,0,2022-11-09,2022-12-09,1,30
65518.0,129511,1,1,1,0,2022-11-09,2022-12-09,1,30
65518.0,388018,1,1,1,0,2022-11-09,2023-01-03,1,55
65518.0,617011,1,1,1,0,2022-11-09,2022-12-09,1,30
65518.0,655011,1,1,1,0,2022-11-09,2022-12-09,1,30
65518.0,658023,1,0,1,0,2022-11-09,2022-12-09,1,30
65518.0,700014,1,1,1,0,2022-11-09,2022-12-09,1,30
65518.0,701012,1,1,1,0,2022-11-09,2022-12-09,1,30
65518.0,702010,1,1,1,0,2022-11-09,2022-12-09,1,30
65518.0,739013,1,1,1,0,2022-11-09,2022-12-09,1,30
65518.0,783010,1,1,1,0,2022-11-09,2022-12-09,1,30
65518.0,787012,1,1,1,0,2022-11-09,2022-12-09,1,30
65518.0,820028,1,0,1,0,2022-11-09,2022-12-09,1,30
65518.0,9076010,1,0,1,0,2022-11-09,2022-12-09,1,30
65518.0,9076028,1,0,1,0,2022-11-09,2022-12-09,1,30
65518.0,9076036,1,0,1,0,2022-11-09,2022-12-09,1,30
65531.0,8688337,10,10,10,0,2023-03-02,2023-03-09,10,7
65531.0,1AA7984,3,3,3,0,2023-03-02,2023-03-09,3,7
65531.0,1AA7986,2,0,2,0,2023-03-09,2023-03-15,2,6
65531.0,1AA8981,1,1,1,0,2023-03-09,2023-03-15,1,6
65531.0,1AA8981,1,0,1,0,2023-03-02,2023-03-09,1,7
65531.0,1AA8981,1,1,1,0,2023-03-02,2023-03-15,1,13
65531.0,1AA8987,1,1,1,0,2023-03-02,2023-03-09,1,7
65531.0,1AA9008,1,1,1,0,2023-03-02,2023-03-09,1,7
65531.0,1AB5495,5,5,5,0,2023-03-09,2023-03-15,5,6
65531.0,1AB5495,5,0,5,0,2023-03-02,2023-03-09,5,7
65531.0,1AB5495,5,5,5,0,2023-03-02,2023-03-15,5,13
65531.0,1AB5497,2,2,2,0,2023-03-09,2023-03-15,2,6
65531.0,1AB5497,2,0,2,0,2023-03-02,2023-03-09,2,7
65531.0,1AB5497,2,2,2,0,2023-03-02,2023-03-15,2,13
65531.0,1AB5499,3,3,3,0,2023-03-02,2023-03-09,3,7
65531.0,1AB6179,4,4,4,0,2023-03-02,2023-03-09,4,7
65531.0,1AB6180,2,2,2,0,2023-03-02,2023-03-09,2,7
65549.0,515017,1,1,1,0,2022-11-19,2023-01-03,1,45
65549.0,792011,1,1,1,0,2022-11-19,2023-01-03,1,45
65575.0,9806011,1,1,1,0,2023-01-20,2023-01-30,1,10
65607.0,26402,6,0,6,0,2023-01-16,2023-01-18,6,2
65607.0,97403,8,8,8,0,2023-01-18,2023-02-01,8,14
65607.0,97403,8,8,8,0,2023-01-16,2023-02-01,8,16
65607.0,97403,8,0,8,0,2023-01-16,2023-01-18,8,2
65607.0,309170,2,2,2,0,2023-01-16,2023-02-01,2,16
65607.0,367012,2,2,2,0,2023-01-18,2023-02-01,2,14
65607.0,367012,2,2,2,0,2023-01-16,2023-02-01,2,16
65607.0,367012,2,0,2,0,2023-01-16,2023-01-18,2,2
65607.0,5482401,10,10,10,0,2023-01-16,2023-01-18,10,2
65607.0,6598405,8,8,8,0,2023-01-16,2023-01-18,8,2
65607.0,6623400,6,6,6,0,2023-01-16,2023-01-18,6,2
65607.0,6968020,1,1,1,0,2023-01-16,2023-02-01,1,16
65607.0,6968038,1,1,1,0,2023-01-16,2023-02-01,1,16
65609.0,4520400,4,4,4,0,2023-01-09,2023-01-10,4,1
65609.0,6623400,6,6,6,0,2023-01-09,2023-01-10,6,1
65614.0,8740012,2,2,2,0,2023-01-16,2023-02-24,2,39
65624.0,658023,1,0,1,0,2023-01-04,2023-02-01,1,28
65624.0,882044,1,0,1,0,2023-01-04,2023-02-01,1,28
65624.0,9076051,1,1,1,0,2023-01-04,2023-02-01,1,28
65642.0,1AB1973,1,1,1,0,2022-11-02,2022-11-21,1,19
65674.0,504010,2,0,2,0,2023-02-09,2023-02-10,2,1
65674.0,505018,4,4,4,0,2023-02-09,2023-02-10,4,1
65674.0,571019,1,1,1,0,2023-02-09,2023-02-10,1,1
65674.0,725012,1,1,1,0,2023-02-09,2023-02-10,1,1
65680.0,369018,1,1,1,0,2023-01-09,2023-01-31,1,22
65680.0,369018,1,1,1,0,2023-01-09,2023-01-31,1,22
65680.0,1AA0003,1,1,1,0,2023-01-09,2023-01-31,1,22
65680.0,1AA0003,1,1,1,0,2023-01-09,2023-01-31,1,22
65680.0,1AA0004,1,1,1,0,2023-01-09,2023-01-31,1,22
65691.0,14407,24,24,24,0,2023-01-17,2023-01-31,24,14
65691.0,97403,40,40,40,0,2023-01-17,2023-01-31,40,14
65691.0,3014958,30,0,10,0,2023-01-17,2023-02-14,10,28
65715.0,365016,1,1,1,0,2023-01-17,2023-03-07,1,49
65715.0,2256106,1,1,1,0,2023-01-17,2023-03-07,1,49
65784.0,2101012,1,1,1,0,2023-02-05,2023-02-08,1,3
65784.0,2101020,1,1,1,0,2023-02-05,2023-02-08,1,3
65789.0,655011,1,1,1,0,2023-01-18,2023-02-10,1,23
65821.0,571415,1,0,1,0,2023-02-21,2023-03-22,1,29
65828.0,5406,4,4,4,0,2023-02-23,2023-02-24,4,1
65828.0,365016,1,1,1,0,2023-02-23,2023-02-24,1,1
65828.0,829053,1,1,1,0,2023-02-23,2023-02-24,1,1
65828.0,1401405,3,3,2,0,2023-02-23,2023-03-03,2,8
65828.0,1AA0003,1,1,1,0,2023-02-23,2023-02-24,1,1
65828.0,1AA0003,1,1,1,0,2023-02-23,2023-03-03,1,8
65844.0,162016,1,1,1,0,2023-02-07,2023-02-27,1,20
65844.0,367012,1,1,1,0,2023-02-07,2023-02-27,1,20
65844.0,373019,1,1,1,0,2023-02-07,2023-02-27,1,20
65844.0,387010,1,1,1,0,2023-02-07,2023-02-27,1,20
65844.0,388018,1,1,1,0,2023-02-07,2023-02-27,1,20
65844.0,504010,2,2,2,0,2023-02-07,2023-02-27,2,20
65844.0,505018,4,4,4,0,2023-02-07,2023-02-27,4,20
65844.0,571019,2,2,2,0,2023-02-07,2023-02-27,2,20
65844.0,725012,2,2,2,0,2023-02-07,2023-02-27,2,20
65844.0,1AA0003,1,1,1,0,2023-02-07,2023-02-27,1,20
65849.0,614017,1,1,1,0,2023-02-21,2023-02-24,1,3
65849.0,616013,1,1,1,0,2023-02-21,2023-02-24,1,3
65849.0,618019,1,1,1,0,2023-02-21,2023-02-24,1,3
65913.0,1AB2740,1,0,1,0,2023-03-07,2023-03-28,1,21
90692.0,367012,1,1,1,0,2023-02-08,2023-02-22,1,14
99999.0,7402,1,1,1,0,2023-01-24,2023-02-17,1,24
99999.0,7402,1,1,1,0,2023-01-24,2023-03-13,1,48
99999.0,7402,1,1,1,0,2023-01-24,2023-02-21,1,28
99999.0,7402,1,1,1,0,2023-01-24,2023-03-08,1,43
99999.0,7402,1,1,1,0,2023-01-24,2023-03-08,1,43
99999.0,14407,192,192,160,0,2022-09-28,2022-11-23,160,56
99999.0,14407,160,0,160,0,2022-09-21,2022-09-28,160,7
99999.0,34405,64,64,32,0,2022-09-28,2022-11-23,32,56
99999.0,34405,5,5,5,0,2023-01-20,2023-02-20,5,31
99999.0,34405,64,64,5,0,2023-01-20,2023-02-01,5,12
99999.0,34405,96,96,5,0,2023-01-20,2023-02-07,5,18
99999.0,34405,20,20,5,0,2023-01-20,2023-01-27,5,7
99999.0,34405,16,16,5,0,2023-01-20,2023-02-08,5,19
99999.0,34405,10,10,5,0,2023-01-20,2023-02-13,5,24
99999.0,34405,6,6,5,0,2023-01-20,2023-02-08,5,19
99999.0,34405,5,5,5,0,2023-01-20,2023-02-23,5,34
99999.0,34405,5,5,5,0,2023-01-20,2023-02-14,5,25
99999.0,34405,7,7,5,0,2023-01-20,2023-02-13,5,24
99999.0,34405,16,16,5,0,2023-01-20,2023-03-02,5,41
99999.0,34405,6,6,5,0,2023-01-20,2023-03-09,5,48
99999.0,34405,35,35,5,0,2023-01-20,2023-02-17,5,28
99999.0,34405,7,7,5,0,2023-01-20,2023-02-21,5,32
99999.0,34405,300,300,5,0,2023-01-20,2023-02-15,5,26
99999.0,34405,13,13,5,0,2023-01-20,2023-03-16,5,55
99999.0,48406,96,96,20,0,2022-10-11,2022-11-29,20,49
99999.0,57407,64,64,64,0,2022-09-28,2022-11-23,64,56
99999.0,62349,3,0,1,0,2023-01-30,2023-03-24,1,53
99999.0,62349,3,3,1,0,2023-01-30,2023-03-24,1,53
99999.0,62349,1,1,1,0,2023-01-30,2023-03-17,1,46
99999.0,62349,5,0,1,0,2023-01-30,2023-02-20,1,21
99999.0,62349,4,4,1,0,2023-01-30,2023-01-31,1,1
99999.0,62349,1,1,1,0,2023-01-30,2023-02-14,1,15
99999.0,62349,1,1,1,0,2023-01-30,2023-02-17,1,18
99999.0,62349,5,5,1,0,2023-01-30,2023-02-14,1,15
99999.0,97403,32,32,2,0,2022-12-01,2022-12-25,2,24
99999.0,97403,2,2,2,0,2022-12-01,2023-01-18,2,48
99999.0,97403,2,2,2,0,2022-12-01,2023-01-11,2,41
99999.0,97403,2,2,2,0,2022-12-01,2023-01-17,2,47
99999.0,97403,4,4,2,0,2022-12-01,2023-01-04,2,34
99999.0,97403,5,5,2,0,2022-12-01,2023-01-23,2,53
99999.0,97403,10,10,2,0,2022-12-01,2023-01-16,2,46
99999.0,97403,32,32,14,0,2022-12-01,2022-12-25,14,24
99999.0,97403,224,224,1,0,2023-01-03,2023-02-01,1,29
99999.0,97403,64,64,1,0,2023-01-03,2023-02-21,1,49
99999.0,97403,192,192,1,0,2023-01-03,2023-02-07,1,35
99999.0,97403,2,2,1,0,2023-01-03,2023-01-18,1,15
99999.0,97403,2,2,1,0,2023-01-03,2023-01-11,1,8
99999.0,97403,20,20,1,0,2023-01-03,2023-02-24,1,52
99999.0,97403,2,2,1,0,2023-01-03,2023-01-17,1,14
99999.0,97403,4,4,1,0,2023-01-03,2023-01-04,1,1
99999.0,97403,5,5,1,0,2023-01-03,2023-01-23,1,20
99999.0,97403,13,13,1,0,2023-01-03,2023-01-31,1,28
99999.0,97403,60,60,1,0,2023-01-03,2023-02-21,1,49
99999.0,97403,10,10,1,0,2023-01-03,2023-01-16,1,13
99999.0,97403,5,5,1,0,2023-01-03,2023-02-17,1,45
99999.0,97403,192,192,1,0,2023-01-03,2023-02-08,1,36
99999.0,97403,20,20,1,0,2023-01-03,2023-03-01,1,57
99999.0,97403,22,22,1,0,2023-01-03,2023-03-01,1,57
99999.0,97403,40,40,10,0,2023-03-06,2023-03-08,10,2
99999.0,315094,10,10,10,0,2023-01-12,2023-02-09,10,28
99999.0,328097,4,4,4,0,2023-01-11,2023-02-09,4,29
99999.0,367012,14,14,5,0,2022-11-09,2022-12-30,5,51
99999.0,367012,6,6,5,0,2022-11-09,2022-12-20,5,41
99999.0,367012,6,6,5,0,2022-11-09,2022-12-22,5,43
99999.0,367012,6,6,5,0,2022-11-09,2022-12-01,5,22
99999.0,367012,6,6,5,0,2022-11-09,2023-01-03,5,55
99999.0,367012,30,30,5,0,2022-11-09,2023-01-04,5,56
99999.0,367012,7,7,4,0,2023-03-06,2023-03-24,4,18
99999.0,367012,4,4,4,0,2023-03-06,2023-03-10,4,4
99999.0,367012,6,6,4,0,2023-03-06,2023-03-15,4,9
99999.0,367012,90,90,3,0,2023-01-12,2023-02-21,3,40
99999.0,367012,4,4,3,0,2023-01-12,2023-01-24,3,12
99999.0,367012,3,3,3,0,2023-01-12,2023-02-24,3,43
99999.0,367012,4,4,3,0,2023-01-12,2023-01-17,3,5
99999.0,367012,16,16,3,0,2023-01-12,2023-01-30,3,18
99999.0,367012,12,12,3,0,2023-01-12,2023-01-17,3,5
99999.0,367012,4,4,3,0,2023-01-12,2023-03-10,3,57
99999.0,367012,10,10,3,0,2023-01-12,2023-02-01,3,20
99999.0,367012,16,16,3,0,2023-01-12,2023-03-06,3,53
99999.0,367012,6,6,3,0,2023-01-12,2023-02-23,3,42
99999.0,367012,15,15,3,0,2023-01-12,2023-03-01,3,48
99999.0,367012,17,17,3,0,2023-01-12,2023-03-01,3,48
99999.0,367012,100,100,3,0,2023-01-12,2023-01-18,3,6
99999.0,367012,13,13,3,0,2023-01-12,2023-01-26,3,14
99999.0,367012,4,0,3,0,2023-01-12,2023-03-06,3,53
99999.0,367012,12,12,3,0,2023-01-12,2023-02-17,3,36
99999.0,367012,120,120,3,0,2023-01-12,2023-02-24,3,43
99999.0,367012,3,3,1,0,2023-02-23,2023-02-24,1,1
99999.0,367012,7,7,1,0,2023-02-23,2023-03-24,1,29
99999.0,367012,4,4,1,0,2023-02-23,2023-03-10,1,15
99999.0,367012,6,6,1,0,2023-02-23,2023-03-15,1,20
99999.0,367012,16,16,1,0,2023-02-23,2023-03-06,1,11
99999.0,367012,15,15,1,0,2023-02-23,2023-03-01,1,6
99999.0,367012,17,17,1,0,2023-02-23,2023-03-01,1,6
99999.0,367012,3,3,1,0,2023-02-23,2023-03-16,1,21
99999.0,367012,4,0,1,0,2023-02-23,2023-03-06,1,11
99999.0,367012,120,120,1,0,2023-02-23,2023-02-24,1,1
99999.0,367012,1,1,1,0,2023-02-23,2023-03-16,1,21
99999.0,367012,1,1,1,0,2023-02-23,2023-02-24,1,1
99999.0,931999,1,0,1,0,2022-12-25,2023-01-26,1,32
99999.0,931999,2,2,1,0,2022-12-25,2023-01-18,1,24
99999.0,931999,1,0,1,0,2022-12-25,2023-02-07,1,44
99999.0,931999,1,0,1,0,2022-12-25,2023-02-10,1,47
99999.0,931999,1,1,1,0,2022-12-25,2023-02-01,1,38
99999.0,931999,6,6,1,0,2022-12-25,2023-02-01,1,38
99999.0,931999,4,4,1,0,2022-12-25,2023-02-01,1,38
99999.0,931999,1,1,1,0,2022-12-25,2023-02-01,1,38
99999.0,931999,1,0,1,0,2023-03-15,2023-03-28,1,13
99999.0,931999,1,0,1,0,2023-01-26,2023-03-15,1,48
99999.0,931999,1,0,1,0,2023-01-26,2023-02-07,1,12
99999.0,931999,1,0,1,0,2023-01-26,2023-02-10,1,15
99999.0,931999,1,1,1,0,2023-01-26,2023-02-01,1,6
99999.0,931999,6,6,1,0,2023-01-26,2023-02-01,1,6
99999.0,931999,4,4,1,0,2023-01-26,2023-02-01,1,6
99999.0,931999,1,1,1,0,2023-01-26,2023-02-01,1,6
99999.0,931999,1,0,1,0,2023-02-07,2023-03-28,1,49
99999.0,931999,1,0,1,0,2023-02-07,2023-03-15,1,36
99999.0,931999,1,0,1,0,2023-02-07,2023-02-10,1,3
99999.0,931999,1,0,1,0,2023-02-10,2023-03-28,1,46
99999.0,931999,1,0,1,0,2023-02-10,2023-03-15,1,33
99999.0,1676404,4,0,4,0,2023-01-31,2023-03-02,4,30
99999.0,4757409,153,153,2,0,2023-01-31,2023-02-21,2,21
99999.0,4907400,64,64,25,0,2023-01-17,2023-02-08,25,22
99999.0,5307401,2,2,2,0,2023-02-23,2023-02-27,2,4
99999.0,5483409,36,36,32,0,2022-09-28,2022-11-23,32,56
99999.0,6598405,48,48,32,0,2022-09-28,2022-10-11,32,13
99999.0,6598405,32,32,32,0,2022-09-28,2022-11-23,32,56
99999.0,6675401,39,39,36,0,2023-01-24,2023-03-10,36,45
99999.0,6979407,10,0,8,0,2023-01-30,2023-02-07,8,8
99999.0,6979407,8,8,8,0,2023-01-30,2023-02-13,8,14
99999.0,6979407,4,4,4,0,2023-03-07,2023-03-08,4,1
99999.0,6979407,5,5,2,0,2023-01-31,2023-02-27,2,27
99999.0,6979407,10,0,2,0,2023-01-31,2023-02-07,2,7
99999.0,6979407,4,4,2,0,2023-01-31,2023-03-08,2,36
99999.0,6979407,4,0,2,0,2023-01-31,2023-03-07,2,35
99999.0,6979407,8,8,2,0,2023-01-31,2023-02-13,2,13
99999.0,6979407,4,0,2,0,2023-01-31,2023-03-07,2,35
99999.0,6979407,4,4,4,0,2023-03-07,2023-03-08,4,1
99999.0,8199011,2,2,2,0,2022-12-15,2023-01-05,2,21
99999.0,8200016,12,12,12,0,2023-02-10,2023-02-13,12,3
99999.0,8202012,1,1,1,0,2023-02-14,2023-02-21,1,7
99999.0,8202012,1,1,1,0,2023-02-14,2023-02-27,1,13
99999.0,8202012,1,1,1,0,2023-02-14,2023-02-22,1,8
99999.0,8215015,12,12,12,0,2023-01-19,2023-02-17,12,29
99999.0,8220014,12,12,12,0,2023-02-09,2023-02-10,12,1
99999.0,8221012,480,480,284,0,2023-01-19,2023-02-21,284,33
99999.0,8222010,96,96,60,0,2023-01-19,2023-02-17,60,29
99999.0,8223018,200,200,48,0,2022-11-14,2022-12-15,48,31
99999.0,8223018,124,124,48,0,2022-11-14,2022-12-20,48,36
99999.0,8223018,300,300,48,0,2022-11-14,2022-12-15,48,31
99999.0,8223018,120,120,48,0,2022-11-14,2022-12-08,48,24
99999.0,8223018,196,196,48,0,2022-11-14,2023-01-12,48,59
99999.0,8223018,60,60,48,0,2022-11-14,2023-01-04,48,51
99999.0,8223018,48,48,48,0,2022-11-14,2023-01-10,48,57
99999.0,8227010,60,60,6,0,2022-11-14,2022-12-15,6,31
99999.0,8227010,20,20,6,0,2022-11-14,2022-12-20,6,36
99999.0,8227010,12,12,6,0,2022-11-14,2023-01-12,6,59
99999.0,8227010,12,12,6,0,2022-11-14,2023-01-12,6,59
99999.0,8227010,64,64,12,0,2023-02-15,2023-02-28,12,13
99999.0,8227010,24,24,12,0,2023-02-15,2023-02-21,12,6
99999.0,8227010,12,12,12,0,2023-02-15,2023-02-22,12,7
99999.0,8227010,12,12,12,0,2023-02-15,2023-02-27,12,12
99999.0,8232019,20,20,20,0,2023-02-23,2023-02-28,20,5
99999.0,8234015,12,12,12,0,2023-02-23,2023-02-28,12,5
99999.0,1AB2190,2,2,2,0,2023-03-07,2023-03-08,2,1
